,id_str_brand,screen_name_brand,user_name_brand,date_brand,time_brand,in_reply_to_status_id_str_brand,text_brand,retweet_count_brand,favorite_count_brand,url_brand,senti_score_pos_brand,senti_score_neu_brand,senti_score_neg_brand,senti_score_com_brand,id_str_comment,screen_name_comment,user_name_comment,date_comment,time_comment,in_reply_to_status_id_str_comment,text_comment,retweet_count_comment,favorite_count_comment,url_comment,senti_score_pos_comment,senti_score_neu_comment,senti_score_neg_comment,senti_score_com_comment
0,1035221879093645314,finlandiavodka,Finlandia Vodka,2018-8-30,17:45:04,Brand Tweet,"Toast to a quality summer with a quality vodka. Finlandia, which is made from nature's finest elements, is the ideal starter for all your cocktails. Kippis! https://t.co/IpnnoDtk4g",5,12,https://twitter.com/finlandiavodka/status/1035221879093645314,0.075,0.925,0.0,0.28535,1035498110989029377,420partypeople,420partypeople,2018-8-31,12:02:42,1035221879093645314,@finlandiavodka #ganjahol,0,0,https://twitter.com/420partypeople/status/1035498110989029377,0.0,0.0,0.0,0.0
1,1032322520899366912,finlandiavodka,Finlandia Vodka,2018-8-22,17:44:03,Brand Tweet,Engage in the art of mixology with Finlandia Vodka and fine ingredients. https://t.co/m9puVcnCDk,5,23,https://twitter.com/finlandiavodka/status/1032322520899366912,0.296,0.704,0.0,0.4939,1032601149336109056,AndersRikardson,AndersRikardsson,2018-8-23,12:11:13,1032322520899366912,@finlandiavodka vodka sour,0,0,https://twitter.com/AndersRikardson/status/1032601149336109056,0.0,1.0,0.0,0.0
2,1029444049537835008,finlandiavodka,Finlandia Vodka,2018-8-14,19:06:02,Brand Tweet,Crisp as air. Clear as water. Bright as the Finnish sun. https://t.co/dd6XQeUTTO,2,16,https://twitter.com/finlandiavodka/status/1029444049537835008,0.44,0.56,0.0,0.6705,1036541374332653568,Banjomarla,#FreeAssange # FreeSpeech,2018-9-03,09:08:16,1029444049537835008,@finlandiavodka @Nostromo147 And how the sun appears bright the next morning!,0,0,https://twitter.com/Banjomarla/status/1036541374332653568,0.285,0.715,0.0,0.4926
3,1018187128788934661,finlandiavodka,Finlandia Vodka,2018-7-14,17:35:03,Brand Tweet,"Born from glacial spring water, Finlandia is bright, crisp and fresh. #Finlandia #Vodka #HighQuality #Nature https://t.co/Sl4aPfsqX4",2,6,https://twitter.com/finlandiavodka/status/1018187128788934661,0.225,0.775,0.0,0.4404,1100794347820367878,SilvioPugi,Silvio Pugi,2019-2-27,16:26:38,1018187128788934661,@finlandiavodka Looks great!,0,0,https://twitter.com/SilvioPugi/status/1100794347820367878,0.815,0.185,0.0,0.6588
4,965691496514060289,finlandiavodka,Finlandia Vodka,2018-2-19,20:56:09,Brand Tweet,Sourced from pure glacial springs and Finnish barley. #FinlandiaVodka https://t.co/I6x77sw7xU,1,5,https://twitter.com/finlandiavodka/status/965691496514060289,0.0,1.0,0.0,0.0,966675779202568192,VodkaTaster,Markku Raittinen,2018-2-22,14:07:20,965691496514060289,@finlandiavodka Pure as it is...,0,0,https://twitter.com/VodkaTaster/status/966675779202568192,0.0,1.0,0.0,0.0
5,950864771196313600,finlandiavodka,Finlandia Vodka,2018-1-09,23:00:02,Brand Tweet,"glacial waters
inspire
clear character https://t.co/anJWg1dHGw",1,3,https://twitter.com/finlandiavodka/status/950864771196313600,0.612,0.388,0.0,0.743,951480973002240000,ArniGunn1,Arni Gunn,2018-1-11,15:48:36,950864771196313600,@finlandiavodka is there a glacier in Finnland,0,0,https://twitter.com/ArniGunn1/status/951480973002240000,0.0,1.0,0.0,0.0
6,943979405457678336,finlandiavodka,Finlandia Vodka,2017-12-21,23:00:03,Brand Tweet,"Holiday Copa

1.35 oz. FINLANDIA Grapefruit
Blackcurrant Juice
Soda Water
Glass: Copa
Method: Build + stir
Garnish: Cinnamon &amp; star anise &amp; orange peel
#kippis https://t.co/w0M4qSu626",2,3,https://twitter.com/finlandiavodka/status/943979405457678336,0.114,0.886,0.0,0.4019,943980488024346624,paulo440hertz,Paulo LA,2017-12-21,23:04:21,943979405457678336,@finlandiavodka @killysexyhot @bela_morangoo  Parece bom! Tim tim.,0,2,https://twitter.com/paulo440hertz/status/943980488024346624,0.0,1.0,0.0,0.0
7,913879496624791553,finlandiavodka,Finlandia Vodka,2017-9-29,21:33:45,Brand Tweet,"chilly days 
call for cozy cocktails https://t.co/Orcdjw8HQl",2,5,https://twitter.com/finlandiavodka/status/913879496624791553,0.0,1.0,0.0,0.0,914021895359647744,DawoodNeisi,Dawood Neisi,2017-9-30,06:59:36,913879496624791553,@finlandiavodka Thanks for finlandia,0,0,https://twitter.com/DawoodNeisi/status/914021895359647744,0.592,0.408,0.0,0.4404
8,901198769034743808,finlandiavodka,Finlandia Vodka,2017-8-25,21:45:04,Brand Tweet,"say goodbye to summer 
with a Finn and Tonic
#lifelessordinary

2 oz finlandia vodka 
3-5 oz Tonic water https://t.co/viHGGdfSh8",1,9,https://twitter.com/finlandiavodka/status/901198769034743808,0.0,1.0,0.0,0.0,909826332388986881,dannnielcort,daniel  cortes,2017-9-18,17:07:56,901198769034743808,@finlandiavodka whre can I get the lime vodka har√© in M√©xico??,0,0,https://twitter.com/dannnielcort/status/909826332388986881,0.0,0.5,0.0,0.0
9,901198769034743808,finlandiavodka,Finlandia Vodka,2017-8-25,21:45:04,Brand Tweet,"say goodbye to summer 
with a Finn and Tonic
#lifelessordinary

2 oz finlandia vodka 
3-5 oz Tonic water https://t.co/viHGGdfSh8",1,9,https://twitter.com/finlandiavodka/status/901198769034743808,0.0,1.0,0.0,0.0,909826450659921920,dannnielcort,daniel  cortes,2017-9-18,17:08:24,901198769034743808,@finlandiavodka here in M√©xico!,0,0,https://twitter.com/dannnielcort/status/909826450659921920,0.0,1.0,0.0,0.0
10,847191649616777216,finlandiavodka,Finlandia Vodka,2017-3-29,21:00:03,Brand Tweet,"bloody mary 
with a great finnish 
visit Finlandia's Pinterest page 
for more great recipes. https://t.co/hoJ0lDmQyO https://t.co/OUsdHXiN3n",2,6,https://twitter.com/finlandiavodka/status/847191649616777216,0.371,0.498,0.131,0.743,847195262296690688,TheDrinksBasket,TheDrinksBasket,2017-3-29,21:14:25,847191649616777216,@finlandiavodka a whole jug? Assume our invite is in the post?,0,0,https://twitter.com/TheDrinksBasket/status/847195262296690688,0.1055,0.8945000000000001,0.0,0.07655
11,847191649616777216,finlandiavodka,Finlandia Vodka,2017-3-29,21:00:03,Brand Tweet,"bloody mary 
with a great finnish 
visit Finlandia's Pinterest page 
for more great recipes. https://t.co/hoJ0lDmQyO https://t.co/OUsdHXiN3n",2,6,https://twitter.com/finlandiavodka/status/847191649616777216,0.371,0.498,0.131,0.743,847529121924120577,sable_rosenfeld,Sable and Rosenfeld,2017-3-30,19:21:03,847191649616777216,@finlandiavodka Looks like the perfect Bloody Mary to add a Garlic &amp; Dill Tipsy Cocktail Stirrer to!,0,0,https://twitter.com/sable_rosenfeld/status/847529121924120577,0.303,0.561,0.136,0.5562
12,834576024109252609,finlandiavodka,Finlandia Vodka,2017-2-23,01:30:04,Brand Tweet,accept only the pure water found deep in the heart of the vodka https://t.co/086oz8uBvz,4,18,https://twitter.com/finlandiavodka/status/834576024109252609,0.167,0.833,0.0,0.3818,834590471460704256,SilverFoxMi,SilverFoxMi,2017-2-23,02:27:28,834576024109252609,"@finlandiavodka @Carlebooo Pure water, hmmm",0,0,https://twitter.com/SilverFoxMi/status/834590471460704256,0.0,1.0,0.0,0.0
13,831619602165690370,finlandiavodka,Finlandia Vodka,2017-2-14,21:42:18,Brand Tweet,"valentine‚Äôs day 
significant vodka 
for your significant other https://t.co/xm1iqBrJHm",2,9,https://twitter.com/finlandiavodka/status/831619602165690370,0.34,0.66,0.0,0.3818,831825023736434689,iPoppySmith,poppy,2017-2-15,11:18:34,831619602165690370,@finlandiavodka @Carlebooo https://t.co/VXrDba5t5Z,0,2,https://twitter.com/iPoppySmith/status/831825023736434689,0.0,1.0,0.0,0.0
14,810258297181716480,finlandiavodka,Finlandia Vodka,2016-12-17,23:00:06,Brand Tweet,"the other face of the classic drink
4 cl finlandia
1 dash dry vermouth
with a lemon twist
stir https://t.co/IZJFr3oIJv",1,3,https://twitter.com/finlandiavodka/status/810258297181716480,0.0,1.0,0.0,0.0,824336451420782592,sable_rosenfeld,Sable and Rosenfeld,2017-1-25,19:21:40,810258297181716480,A great classic! @finlandiavodka,0,0,https://twitter.com/sable_rosenfeld/status/824336451420782592,0.815,0.185,0.0,0.6588
15,767111517842145280,finlandiavodka,Finlandia Vodka,2016-8-20,21:30:12,Brand Tweet,open the door to sharing the purest vodka #kippis https://t.co/Pdrl1HkMlq,5,7,https://twitter.com/finlandiavodka/status/767111517842145280,0.259,0.741,0.0,0.4215,767114921440051201,Robin_Kendall1,Robin Kendall,2016-8-20,21:43:44,767111517842145280,Any chance of sending one of those bottles my way @finlandiavodka? It'd look pretty amazing outside of my door too! #Finlandia #vodka,0,0,https://twitter.com/Robin_Kendall1/status/767114921440051201,0.346,0.6539999999999999,0.0,0.5285
16,764086044459278336,finlandiavodka,Finlandia Vodka,2016-8-12,13:08:03,Brand Tweet,"4cl finlandia vodka, 3cl lemon juice, 1cl simple syrup, 3cl birch sap, egg white &amp; soda water shake &amp; lemon garnish https://t.co/iYvEbsCOi2",3,5,https://twitter.com/finlandiavodka/status/764086044459278336,0.0,0.925,0.075,-0.1779,764186550590697472,markbardwell,Mark Bardwell,2016-8-12,19:47:26,764086044459278336,@finlandiavodka @Hi_im_minesey bring some Birch Sap back with you pal and we'll have these,0,0,https://twitter.com/markbardwell/status/764186550590697472,0.0,1.0,0.0,0.0
17,723561767822045185,finlandiavodka,Finlandia Vodka,2016-4-22,17:19:03,Brand Tweet,Kippis to the blue planet. Today we raise a glass to @1PercentFTP and @ProtectWinters. #4PureWater #EarthDay https://t.co/IX2UNH025v,5,8,https://twitter.com/finlandiavodka/status/723561767822045185,0.0,1.0,0.0,0.0,723579201220169728,1PercentFTP,1% for the Planet,2016-4-22,18:28:19,723561767822045185,@finlandiavodka @ProtectWinters Happy #EarthDay! #giveback,0,1,https://twitter.com/1PercentFTP/status/723579201220169728,1.0,0.0,0.0,0.6114
18,709767910420520964,finlandiavodka,Finlandia Vodka,2016-3-15,15:47:11,Brand Tweet,"üíô water.
at https://t.co/uIQvGFvcfu
&amp; enter to win prizes
in the #LargestDigitalToast
#4PureWater
21+.VodkaBFLouKY https://t.co/At4AJoU9Sr",24,64,https://twitter.com/finlandiavodka/status/709767910420520964,0.405,0.595,0.0,0.7783,711012928414216192,courtlsonn,Courtney Sonnenberg,2016-3-19,02:14:26,709767910420520964,"@finlandiavodka hey, we just bought some of that! #whiterussian https://t.co/d2Ds9xYlD8",0,1,https://twitter.com/courtlsonn/status/711012928414216192,0.0,1.0,0.0,0.0
19,707233238314520580,finlandiavodka,Finlandia Vodka,2016-3-08,15:55:18,Brand Tweet,"enter to win prizes
at https://t.co/uIQvGFvcfu
for üåÖüå∫‚õµÔ∏è
in the #LargestDigitalToast
#4PureWater
21+.VodkaBFLouKY https://t.co/MvOcPHydl3",2,8,https://twitter.com/finlandiavodka/status/707233238314520580,0.405,0.595,0.0,0.7783,708176409320009728,Marine_1965,Marine,2016-3-11,06:23:07,707233238314520580,@finlandiavodka I,0,0,https://twitter.com/Marine_1965/status/708176409320009728,0.0,0.0,0.0,0.0
20,707232979219836928,finlandiavodka,Finlandia Vodka,2016-3-08,15:54:16,Brand Tweet,"enter to win prizes
at https://t.co/uIQvGFvcfu
for üåÖüå∫‚õµÔ∏è
in the #LargestDigitalToast
#4PureWater
21+.VodkaBFLouKY https://t.co/ZTo8WCmVzp",15,78,https://twitter.com/finlandiavodka/status/707232979219836928,0.405,0.595,0.0,0.7783,707360782506274816,paulhoopermusic,Paul Hooper,2016-3-09,00:22:07,707232979219836928,"@finlandiavodka 
Wine is a mocker, strong drink is raging and whosoever is deceived thereby is not wise. Proverbs 20:1",0,0,https://twitter.com/paulhoopermusic/status/707360782506274816,0.141,0.513,0.346,-0.5859
21,707232979219836928,finlandiavodka,Finlandia Vodka,2016-3-08,15:54:16,Brand Tweet,"enter to win prizes
at https://t.co/uIQvGFvcfu
for üåÖüå∫‚õµÔ∏è
in the #LargestDigitalToast
#4PureWater
21+.VodkaBFLouKY https://t.co/ZTo8WCmVzp",15,78,https://twitter.com/finlandiavodka/status/707232979219836928,0.405,0.595,0.0,0.7783,708120150390788096,ennykinpa,ennykinpa,2016-3-11,02:39:34,707232979219836928,@finlandiavodka bring back the free shot glass promotion,0,0,https://twitter.com/ennykinpa/status/708120150390788096,0.355,0.645,0.0,0.5106
22,705823817118191618,finlandiavodka,Finlandia Vodka,2016-3-04,18:34:46,Brand Tweet,"thank üöøüõÅüöΩ
&amp; enter to win prizes
in the #LargestDigitalToast
at https://t.co/uIQvGFvcfu
#4PureWater
21+.VodkaBFLouKY https://t.co/IXRDHExJpO",4,27,https://twitter.com/finlandiavodka/status/705823817118191618,0.482,0.518,0.0,0.8519,706687381966036994,cuzdaisy,Angela Barnett,2016-3-07,03:46:16,705823817118191618,"@finlandiavodka my husband read your label earlier and said ""is it from Finland"" I said if you Finish reading the label you would know lol",0,0,https://twitter.com/cuzdaisy/status/706687381966036994,0.113,0.887,0.0,0.4215
23,705133033821605889,finlandiavodka,Finlandia Vodka,2016-3-02,20:49:50,Brand Tweet,"She's surfed beside whirlpools as big as houses, but for this waterwoman, the river still holds lessons #4PureWater
https://t.co/IdevD8oz2k",24,78,https://twitter.com/finlandiavodka/status/705133033821605889,0.0,1.0,0.0,0.0,707124008953589760,ScoJack22,Scomega,2016-3-08,08:41:16,705133033821605889,"@finlandiavodka may have created a good video, but you couldn't get invested due to the promotional banner crowding out the action.",0,0,https://twitter.com/ScoJack22/status/707124008953589760,0.177,0.823,0.0,0.3506
24,703263900033261568,finlandiavodka,Finlandia Vodka,2016-2-26,17:02:34,Brand Tweet,"enter to win prizes 
in the #LargestDigitalToast 
at https://t.co/uIQvGFvcfu
for üê¨üê≥üê† 
#4PureWater
21+.VodkaBFLouKY https://t.co/ElVRwdSDD7",12,22,https://twitter.com/finlandiavodka/status/703263900033261568,0.405,0.595,0.0,0.7783,703650333562540032,benfrank53,Gregory Franklin,2016-2-27,18:38:07,703263900033261568,@finlandiavodka The only Tweet that makes sense in this world of today .,0,0,https://twitter.com/benfrank53/status/703650333562540032,0.0,1.0,0.0,0.0
25,703263900033261568,finlandiavodka,Finlandia Vodka,2016-2-26,17:02:34,Brand Tweet,"enter to win prizes 
in the #LargestDigitalToast 
at https://t.co/uIQvGFvcfu
for üê¨üê≥üê† 
#4PureWater
21+.VodkaBFLouKY https://t.co/ElVRwdSDD7",12,22,https://twitter.com/finlandiavodka/status/703263900033261568,0.405,0.595,0.0,0.7783,703979141134155776,westlingk,Kenneth Westling,2016-2-28,16:24:41,703263900033261568,@finlandiavodka Just entered. What are the prizes?,0,0,https://twitter.com/westlingk/status/703979141134155776,0.429,0.571,0.0,0.4588
26,702889160114249728,finlandiavodka,Finlandia Vodka,2016-2-25,16:13:29,Brand Tweet,"enter to win prizes
in the #LargestDigitalToast
at https://t.co/uIQvGFdAQU
for üê¨üê≥üê†
#4PureWater
21+.VodkaBFLouKY https://t.co/DySgFHLxZd",18,66,https://twitter.com/finlandiavodka/status/702889160114249728,0.405,0.595,0.0,0.7783,703929095101530113,carolinaednac,MrEd,2016-2-28,13:05:49,702889160114249728,"@finlandiavodka Sorry, promoted Ads get you blocked till free speech returns to Twitter. #FreeStacy",1,1,https://twitter.com/carolinaednac/status/703929095101530113,0.37,0.424,0.206,0.5719
27,702887719895113728,finlandiavodka,Finlandia Vodka,2016-2-25,16:07:46,Brand Tweet,"enter to win prizes
in the #LargestDigitalToast
at https://t.co/uIQvGFdAQU
for üê¨üê≥üê†
#4PureWater
21+.VodkaBFLouKY https://t.co/1ftnvXrtqt",4,11,https://twitter.com/finlandiavodka/status/702887719895113728,0.405,0.595,0.0,0.7783,703588165446197250,downhill39,(not quite) Road Trip Time!,2016-2-27,14:31:05,702887719895113728,@finlandiavodka #Blockpromotedtweets,0,0,https://twitter.com/downhill39/status/703588165446197250,0.0,0.0,0.0,0.0
28,699352508553101312,finlandiavodka,Finlandia Vodka,2016-2-15,22:00:06,Brand Tweet,"a drink should be an even match of the vodka, the ice &amp; all other flavours https://t.co/KZDp5gh7Oz",1,2,https://twitter.com/finlandiavodka/status/699352508553101312,0.0,1.0,0.0,0.0,738248548492431360,Altavistagoogle,Altavistagoogleüá®üá¶,2016-6-02,05:59:04,699352508553101312,"@finlandiavodka Admit it, you were drunk when you wrote that. Also, what does ice taste like. Chicken?",0,0,https://twitter.com/Altavistagoogle/status/738248548492431360,0.111,0.741,0.148,-0.1531
29,692773017798049792,finlandiavodka,Finlandia Vodka,2016-1-28,18:15:33,Brand Tweet,"Bryce Rohrer believes everyone can dive with sharks ‚Äì even your grandma. #4PureWater
https://t.co/I7ghTCHdPq",125,295,https://twitter.com/finlandiavodka/status/692773017798049792,0.0,1.0,0.0,0.0,692978849018187776,paisalzate,kevin,2016-1-29,07:53:27,692773017798049792,@finlandiavodka @ADewelde yooo,0,1,https://twitter.com/paisalzate/status/692978849018187776,0.0,1.0,0.0,0.0
30,692773017798049792,finlandiavodka,Finlandia Vodka,2016-1-28,18:15:33,Brand Tweet,"Bryce Rohrer believes everyone can dive with sharks ‚Äì even your grandma. #4PureWater
https://t.co/I7ghTCHdPq",125,295,https://twitter.com/finlandiavodka/status/692773017798049792,0.0,1.0,0.0,0.0,694014116856512512,iLiveStrong_20,Jackson Kaiser,2016-2-01,04:27:14,692773017798049792,@finlandiavodka @zeke__9 your biggest fear lmao,0,1,https://twitter.com/iLiveStrong_20/status/694014116856512512,0.429,0.22,0.352,0.1779
31,692773017798049792,finlandiavodka,Finlandia Vodka,2016-1-28,18:15:33,Brand Tweet,"Bryce Rohrer believes everyone can dive with sharks ‚Äì even your grandma. #4PureWater
https://t.co/I7ghTCHdPq",125,295,https://twitter.com/finlandiavodka/status/692773017798049792,0.0,1.0,0.0,0.0,693215945268019200,AndyCigars,Andy Cigars,2016-1-29,23:35:35,692773017798049792,"@finlandiavodka ""Grandma goes in the cage, cage goes in the water, shark's in the water. ...our shark.""",0,0,https://twitter.com/AndyCigars/status/693215945268019200,0.0,1.0,0.0,0.0
32,692773017798049792,finlandiavodka,Finlandia Vodka,2016-1-28,18:15:33,Brand Tweet,"Bryce Rohrer believes everyone can dive with sharks ‚Äì even your grandma. #4PureWater
https://t.co/I7ghTCHdPq",125,295,https://twitter.com/finlandiavodka/status/692773017798049792,0.0,1.0,0.0,0.0,694009233487052800,amykirkland4,amy kirkland,2016-2-01,04:07:49,692773017798049792,@finlandiavodka @HarperEthridge6,0,0,https://twitter.com/amykirkland4/status/694009233487052800,0.0,0.0,0.0,0.0
33,687393708795412480,finlandiavodka,Finlandia Vodka,2016-1-13,22:00:05,Brand Tweet,"mady and monette malroux. ¬†
perfectly synchronized¬†
they live together ¬†

mady &amp; monette, identical twins, 128 https://t.co/ADkFrqOZSK",0,0,https://twitter.com/finlandiavodka/status/687393708795412480,0.231,0.769,0.0,0.6369,738249770981068800,Altavistagoogle,Altavistagoogleüá®üá¶,2016-6-02,06:03:56,687393708795412480,"@finlandiavodka What's the ""128""? Their combined age?",0,0,https://twitter.com/Altavistagoogle/status/738249770981068800,0.0,1.0,0.0,0.0
34,685944165184634880,finlandiavodka,Finlandia Vodka,2016-1-09,22:00:07,Brand Tweet,"good vodka¬†
steals the show¬†
with a gentle nod https://t.co/sBY6eov0fF",2,1,https://twitter.com/finlandiavodka/status/685944165184634880,0.384,0.397,0.219,0.3612,685944550679023616,dannyjamesmines,Danny Mines,2016-1-09,22:01:39,685944165184634880,@finlandiavodka I give you the nod @markbardwell,0,0,https://twitter.com/dannyjamesmines/status/685944550679023616,0.0,1.0,0.0,0.0
35,684488907950456832,finlandiavodka,Finlandia Vodka,2016-1-05,21:37:27,Brand Tweet,"Watch @BeakesJason master deadly rapids, days after Hurricane Joaquin.

https://t.co/OuKDXHwPvZ 

#4PureWater
https://t.co/1YPTnda7eR",1,5,https://twitter.com/finlandiavodka/status/684488907950456832,0.0,1.0,0.0,0.0,685109468934332416,Windishfox17,Windisch,2016-1-07,14:43:20,684488907950456832,@finlandiavodka @BeakesJason,0,0,https://twitter.com/Windishfox17/status/685109468934332416,0.0,0.0,0.0,0.0
36,682682681935704066,finlandiavodka,Finlandia Vodka,2015-12-31,22:00:09,Brand Tweet,a worthy drink to toast those who walk beside you https://t.co/38NAklrEkz,1,2,https://twitter.com/finlandiavodka/status/682682681935704066,0.244,0.756,0.0,0.4404,682684566021124096,ghenderson1013,Ginger Henderson,2015-12-31,22:07:38,682682681935704066,@finlandiavodka Looks good. Have a safe and Happy New Year everyone!!!,0,0,https://twitter.com/ghenderson1013/status/682684566021124096,0.2725,0.2275,0.0,0.40055
37,675434909830352897,finlandiavodka,Finlandia Vodka,2015-12-11,22:00:06,Brand Tweet,the evening always needs an extrovert https://t.co/wkOhVb241z,0,1,https://twitter.com/finlandiavodka/status/675434909830352897,0.0,1.0,0.0,0.0,675440754966274048,dannyjamesmines,Danny Mines,2015-12-11,22:23:19,675434909830352897,@finlandiavodka @Swifty700 ?,0,1,https://twitter.com/dannyjamesmines/status/675440754966274048,0.0,0.0,0.0,0.0
38,669277053171007488,finlandiavodka,Finlandia Vodka,2015-11-24,22:10:58,Brand Tweet,"Witness the sea monster free dive 
200 ft in near freezing conditions

https://t.co/XcvC5MhsYb

#4PureWater
https://t.co/5ViNakBrM8",2,9,https://twitter.com/finlandiavodka/status/669277053171007488,0.198,0.719,0.084,0.4404,669933206536261632,TpalmsDyer,infidel pork chop,2015-11-26,17:38:17,669277053171007488,@finlandiavodka @bobbyo1967 it's calling your name bobby o,0,0,https://twitter.com/TpalmsDyer/status/669933206536261632,0.0,1.0,0.0,0.0
39,664496495572324352,finlandiavodka,Finlandia Vodka,2015-11-11,17:34:44,Brand Tweet,"Begin the journey in Finland with @CoryRichardsNG. 

Watch Antero Joki free dive to 200ft. #4purewater
https://t.co/wH6yBPJhdS",23,75,https://twitter.com/finlandiavodka/status/664496495572324352,0.216,0.784,0.0,0.5106,665312485705052160,kensylr,Kred,2015-11-13,23:37:12,664496495572324352,"@finlandiavodka @coryrichardsNG Love the stuff! Very CLEAN, BITEY, NO AFTER TASTE, just what you expect and want! I buy it by the 1.75üç∏üëçüëèüòé",0,0,https://twitter.com/kensylr/status/665312485705052160,0.332,0.6073333333333334,0.061,0.3159
40,661664202197770241,finlandiavodka,Finlandia Vodka,2015-11-03,22:00:13,Brand Tweet,"is it time to dance¬†
with the exotic? ¬†
#LessOrdinaryWisdom https://t.co/EdfO0ngNOf",2,2,https://twitter.com/finlandiavodka/status/661664202197770241,0.0,1.0,0.0,0.0,661666638811541504,dannyjamesmines,Danny Mines,2015-11-03,22:09:54,661664202197770241,@finlandiavodka time to dance @markbardwell,0,0,https://twitter.com/dannyjamesmines/status/661666638811541504,0.0,1.0,0.0,0.0
41,660199564260061190,finlandiavodka,Finlandia Vodka,2015-10-30,21:00:16,Brand Tweet,the taste for darker occasions https://t.co/SYsATD4bgB,1,5,https://twitter.com/finlandiavodka/status/660199564260061190,0.0,1.0,0.0,0.0,673563077183299586,Anniie11_,Ann√§ üå∏,2015-12-06,18:02:06,660199564260061190,@finlandiavodka orgasmic!!!  üòç,0,0,https://twitter.com/Anniie11_/status/673563077183299586,0.0,1.0,0.0,0.0
42,628361132667899904,finlandiavodka,Finlandia Vodka,2015-8-04,00:25:43,Brand Tweet,Nature teaches you the importance of balance in your life. -@hanliprinsloo #LessOrdinaryWisdom http://t.co/23S75jKs5S,18,91,https://twitter.com/finlandiavodka/status/628361132667899904,0.217,0.783,0.0,0.3612,629008221823307776,trimtrom,Tram,2015-8-05,19:17:01,628361132667899904,@finlandiavodka @hanliprinsloo @FinnJonesUK You should see if Finlandia needs you for their ad campaign. Finnlandia...,0,1,https://twitter.com/trimtrom/status/629008221823307776,0.0,1.0,0.0,0.0
43,616713016948559872,finlandiavodka,Finlandia Vodka,2015-7-02,21:00:15,Brand Tweet,"the berry lends love, to the vodka‚Äôs flavour http://t.co/UH19q4pe9F",1,4,https://twitter.com/finlandiavodka/status/616713016948559872,0.344,0.656,0.0,0.6369,616728719282057216,bs7cider,Marc Casey,2015-7-02,22:02:39,616713016948559872,@finlandiavodka goes down very well @TheWarrington1,0,0,https://twitter.com/bs7cider/status/616728719282057216,0.444,0.556,0.0,0.3384
44,606860958493872128,finlandiavodka,Finlandia Vodka,2015-6-05,16:31:42,Brand Tweet,"the season turns
we harvest the barley
create the vodka
this is our way
every year http://t.co/vNmkjApYzz",3,2,https://twitter.com/finlandiavodka/status/606860958493872128,0.116,0.884,0.0,0.2732,606861862362152960,ghenderson1013,Ginger Henderson,2015-6-05,16:35:17,606860958493872128,@finlandiavodka Makes a great drink for summer get togethers,0,0,https://twitter.com/ghenderson1013/status/606861862362152960,0.406,0.594,0.0,0.6249
45,606860958493872128,finlandiavodka,Finlandia Vodka,2015-6-05,16:31:42,Brand Tweet,"the season turns
we harvest the barley
create the vodka
this is our way
every year http://t.co/vNmkjApYzz",3,2,https://twitter.com/finlandiavodka/status/606860958493872128,0.116,0.884,0.0,0.2732,607240454191611906,lafrasedemama,Punainen.,2015-6-06,17:39:40,606860958493872128,@finlandiavodka @MilenkaIvanov sed!,0,0,https://twitter.com/lafrasedemama/status/607240454191611906,0.0,1.0,0.0,0.0
46,606860958493872128,finlandiavodka,Finlandia Vodka,2015-6-05,16:31:42,Brand Tweet,"the season turns
we harvest the barley
create the vodka
this is our way
every year http://t.co/vNmkjApYzz",3,2,https://twitter.com/finlandiavodka/status/606860958493872128,0.116,0.884,0.0,0.2732,607241403291340800,lafrasedemama,Punainen.,2015-6-06,17:43:27,606860958493872128,@MilenkaIvanov @finlandiavodka No.Cerveza.,0,0,https://twitter.com/lafrasedemama/status/607241403291340800,0.0,0.0,0.0,0.0
47,605545526327537664,finlandiavodka,Finlandia Vodka,2015-6-02,01:24:38,Brand Tweet,"march on 
#4PureWater

help us hit our 
$10,000 donation goal

learn more at http://t.co/i0f0Z7cqtb http://t.co/IPgVoDoFGZ",0,3,https://twitter.com/finlandiavodka/status/605545526327537664,0.172,0.828,0.0,0.4019,605545874513498112,cohen,Cohen,2015-6-02,01:26:01,605545526327537664,@finlandiavodka was this photo taken by @petehalvorsen?,0,1,https://twitter.com/cohen/status/605545874513498112,0.0,1.0,0.0,0.0
48,599627882239889408,finlandiavodka,Finlandia Vodka,2015-5-16,17:30:02,Brand Tweet,"mango
a juicy character
with a sweet disposition
the perfect guest for your gathering http://t.co/CSmG4xc9ft",0,4,https://twitter.com/finlandiavodka/status/599627882239889408,0.379,0.621,0.0,0.7717,725746919406968832,_ljm7,lidia,2016-4-28,18:02:03,599627882239889408,@Sharkofago @finlandiavodka mira vamos a sacarno la navaja ya,0,0,https://twitter.com/_ljm7/status/725746919406968832,0.0,1.0,0.0,0.0
49,599627882239889408,finlandiavodka,Finlandia Vodka,2015-5-16,17:30:02,Brand Tweet,"mango
a juicy character
with a sweet disposition
the perfect guest for your gathering http://t.co/CSmG4xc9ft",0,4,https://twitter.com/finlandiavodka/status/599627882239889408,0.379,0.621,0.0,0.7717,725747861451857920,_ljm7,lidia,2016-4-28,18:05:48,599627882239889408,@Sharkofago https://t.co/QSBpzIv1vN,0,0,https://twitter.com/_ljm7/status/725747861451857920,0.0,1.0,0.0,0.0
50,591300524563136514,finlandiavodka,Finlandia Vodka,2015-4-23,18:00:05,Brand Tweet,a classic inspired by a tale from finlandia http://t.co/1vmr7pHnBZ,4,3,https://twitter.com/finlandiavodka/status/591300524563136514,0.348,0.652,0.0,0.4939,591413920725766144,impulsivecomics,Anthony De La Garza,2015-4-24,01:30:41,591300524563136514,@finlandiavodka your account is froze up I can't follow you.,0,0,https://twitter.com/impulsivecomics/status/591413920725766144,0.0,1.0,0.0,0.0
51,590605939616718848,finlandiavodka,Finlandia Vodka,2015-4-21,20:00:03,Brand Tweet,"raise a glass for pure water 
but always drink responsibly

http://t.co/Uuy28VHWoH http://t.co/44SP7jVVJE",2,7,https://twitter.com/finlandiavodka/status/590605939616718848,0.0,1.0,0.0,0.0,590675019270848513,paulsimmonsjr_8,paulsimmonsjr,2015-4-22,00:34:33,590605939616718848,@finlandiavodka i.Love finlandia vodka.,0,0,https://twitter.com/paulsimmonsjr_8/status/590675019270848513,0.0,1.0,0.0,0.0
52,589820810715496450,finlandiavodka,Finlandia Vodka,2015-4-19,16:00:14,Brand Tweet,"finlandia 
born of six-row barley
ripened under a midnight sun http://t.co/FsQLSw2c5h",8,34,https://twitter.com/finlandiavodka/status/589820810715496450,0.0,1.0,0.0,0.0,590871395946655744,ron_mccain,CVS,2015-4-22,13:34:53,589820810715496450,@finlandiavodka ahhhhh,0,1,https://twitter.com/ron_mccain/status/590871395946655744,0.0,1.0,0.0,0.0
53,589820810715496450,finlandiavodka,Finlandia Vodka,2015-4-19,16:00:14,Brand Tweet,"finlandia 
born of six-row barley
ripened under a midnight sun http://t.co/FsQLSw2c5h",8,34,https://twitter.com/finlandiavodka/status/589820810715496450,0.0,1.0,0.0,0.0,590876243551215616,MikeOdomSports,Mike Odom,2015-4-22,13:54:09,589820810715496450,@finlandiavodka @modomodom lowercase?,0,0,https://twitter.com/MikeOdomSports/status/590876243551215616,1.0,0.0,0.0,0.0772
54,589820810715496450,finlandiavodka,Finlandia Vodka,2015-4-19,16:00:14,Brand Tweet,"finlandia 
born of six-row barley
ripened under a midnight sun http://t.co/FsQLSw2c5h",8,34,https://twitter.com/finlandiavodka/status/589820810715496450,0.0,1.0,0.0,0.0,589821211711942656,StephAustinTX,SA Austin,2015-4-19,16:01:49,589820810715496450,@finlandiavodka vodka=heaven on earth üåè,0,0,https://twitter.com/StephAustinTX/status/589821211711942656,0.0,1.0,0.0,0.0
55,589820810715496450,finlandiavodka,Finlandia Vodka,2015-4-19,16:00:14,Brand Tweet,"finlandia 
born of six-row barley
ripened under a midnight sun http://t.co/FsQLSw2c5h",8,34,https://twitter.com/finlandiavodka/status/589820810715496450,0.0,1.0,0.0,0.0,590663662932795394,jefferybickel1,Jeffery Bickel,2015-4-21,23:49:25,589820810715496450,@finlandiavodka @kmeriko,0,0,https://twitter.com/jefferybickel1/status/590663662932795394,0.0,0.0,0.0,0.0
56,589820810715496450,finlandiavodka,Finlandia Vodka,2015-4-19,16:00:14,Brand Tweet,"finlandia 
born of six-row barley
ripened under a midnight sun http://t.co/FsQLSw2c5h",8,34,https://twitter.com/finlandiavodka/status/589820810715496450,0.0,1.0,0.0,0.0,613023587704770560,6ydney,syd,2015-6-22,16:39:47,589820810715496450,"@finlandiavodka this came up on my time line , idk why, but im interested",0,0,https://twitter.com/6ydney/status/613023587704770560,0.241,0.678,0.081,0.5187
57,587691733963517952,finlandiavodka,Finlandia Vodka,2015-4-13,19:00:02,Brand Tweet,"raise a glass to pure water 
raise $1 for pure water projects 

learn more at http://t.co/i0f0Z7cqtb
#4PureWater http://t.co/VigExXtvPn",3,2,https://twitter.com/finlandiavodka/status/587691733963517952,0.0,1.0,0.0,0.0,588156543176220672,JonellMediaPR,Jonell Whitt,2015-4-15,01:47:01,587691733963517952,@finlandiavodka I would like to try this vodka. It looks very tasty,0,0,https://twitter.com/JonellMediaPR/status/588156543176220672,0.238,0.762,0.0,0.3612
58,585570956632006657,finlandiavodka,Finlandia Vodka,2015-4-07,22:32:50,Brand Tweet,"today we raise a glass 
to champion for pure water 
@jeremyjones 
#4PureWater 

http://t.co/i0f0Z7u1RL http://t.co/5W8z1SyNV0",3,17,https://twitter.com/finlandiavodka/status/585570956632006657,0.281,0.719,0.0,0.5994,586568809462550528,robank420,rob,2015-4-10,16:37:56,585570956632006657,@finlandiavodka @jeremyjones great pic,0,0,https://twitter.com/robank420/status/586568809462550528,0.804,0.196,0.0,0.6249
59,583733748333580289,finlandiavodka,Finlandia Vodka,2015-4-02,20:52:25,Brand Tweet,#4PureWater RT @alanaRblanchard I'm standing behind @finlandiavodka and their project for pure water. https://t.co/nR9cVGnjKv,3,7,https://twitter.com/finlandiavodka/status/583733748333580289,0.0,1.0,0.0,0.0,583735305485864960,erubes1,Eric Rubens,2015-4-02,20:58:36,583733748333580289,@finlandiavodka @alanaRblanchard what a great cause!,0,0,https://twitter.com/erubes1/status/583735305485864960,0.687,0.313,0.0,0.6588
60,583674167733530624,finlandiavodka,Finlandia Vodka,2015-4-02,16:55:40,Brand Tweet,"pure water
we plan our lives around it
it is our obsession

help us protect it
#4PureWater
https://t.co/bE0lNkgGOA",0,2,https://twitter.com/finlandiavodka/status/583674167733530624,0.244,0.645,0.111,0.4404,583946263013363712,WolfNW,WolfNW,2015-4-03,10:56:52,583674167733530624,@finlandiavodka I'd rather drink this. #getyourpaidadsouttamytimeline http://t.co/9OGhTigwbR,0,0,https://twitter.com/WolfNW/status/583946263013363712,0.0,1.0,0.0,0.0
61,583312954759651328,finlandiavodka,Finlandia Vodka,2015-4-01,17:00:20,Brand Tweet,"let the season
set the stage http://t.co/SnVMWmG97T",2,3,https://twitter.com/finlandiavodka/status/583312954759651328,0.0,1.0,0.0,0.0,583314824156696576,beautifulbooze,Beautiful Booze,2015-4-01,17:07:46,583312954759651328,@finlandiavodka beautiful!,0,0,https://twitter.com/beautifulbooze/status/583314824156696576,1.0,0.0,0.0,0.636
62,582995798566178816,finlandiavodka,Finlandia Vodka,2015-3-31,20:00:04,Brand Tweet,"raise a glass for pure water, but always drink responsibly
http://t.co/Uuy28Vql07 http://t.co/jD0icAOIiD",7,39,https://twitter.com/finlandiavodka/status/582995798566178816,0.0,1.0,0.0,0.0,589152835297751040,HessahP,Hessah Antoinette,2015-4-17,19:45:56,582995798566178816,@finlandiavodka I bet that you can sell your vodka in water bottles and nobody would notice,0,0,https://twitter.com/HessahP/status/589152835297751040,0.0,1.0,0.0,0.0
63,580444607143546880,finlandiavodka,Finlandia Vodka,2015-3-24,19:02:33,Brand Tweet,"we chase it 
we wait for it 
we pray for it
raise a glass for it
#4PureWater
https://t.co/KA8bj6yWot",3,15,https://twitter.com/finlandiavodka/status/580444607143546880,0.133,0.867,0.0,0.3182,580588373963849729,sk_doyle,sk doyle,2015-3-25,04:33:49,580444607143546880,"‚Äú@finlandiavodka: we chase it 
we wait for it 
we pray for it
raise a glass for it
#4PureWater
https://t.co/WlYUbWsFlg‚Äù ayy way to go Daddy",0,0,https://twitter.com/sk_doyle/status/580588373963849729,0.099,0.901,0.0,0.3182
64,577877161958207488,finlandiavodka,Finlandia Vodka,2015-3-17,17:00:26,Brand Tweet,"to those
that are celebrating
today make your own luck

kippis!

#stpatricksday http://t.co/UOf06Ooi6k",11,19,https://twitter.com/finlandiavodka/status/577877161958207488,0.2185,0.7815,0.0,0.39505,578057792189149184,KatdaddyMars,Katdaddy Marshall,2015-3-18,04:58:12,577877161958207488,@finlandiavodka GOT GET SOME OF THIS SALUTE FROM DJ @KatdaddyMars AND @UndeTalk,1,0,https://twitter.com/KatdaddyMars/status/578057792189149184,0.0,1.0,0.0,0.0
65,577152294115942400,finlandiavodka,Finlandia Vodka,2015-3-15,17:00:04,Brand Tweet,"a toast
to the women
that inspire
#mothersday http://t.co/oQzsGQhWEk",6,7,https://twitter.com/finlandiavodka/status/577152294115942400,0.381,0.619,0.0,0.5719,577301878104436736,AuthenticUMedia,Authentic You Media,2015-3-16,02:54:28,577152294115942400,"@finlandiavodka As an inspirational mom, thanks for the toast :) Your vodka was the 1 in my Mexico hotel room when I met my partner. #1111",0,0,https://twitter.com/AuthenticUMedia/status/577301878104436736,0.338,0.662,0.0,0.8481
66,576480615295389696,finlandiavodka,Finlandia Vodka,2015-3-13,20:31:03,Brand Tweet,Follow us if you appreciate the less ordinary vodka made to chill. 21+ http://t.co/eOZdZxWACB,11,12,https://twitter.com/finlandiavodka/status/576480615295389696,0.184,0.816,0.0,0.4019,582354861968265216,BrittanySeawr,Brittany Seawright,2015-3-30,01:33:13,576480615295389696,@finlandiavodka,0,0,https://twitter.com/BrittanySeawr/status/582354861968265216,0.0,0.0,0.0,0.0
67,576480615295389696,finlandiavodka,Finlandia Vodka,2015-3-13,20:31:03,Brand Tweet,Follow us if you appreciate the less ordinary vodka made to chill. 21+ http://t.co/eOZdZxWACB,11,12,https://twitter.com/finlandiavodka/status/576480615295389696,0.184,0.816,0.0,0.4019,583406541941903360,mrenforcement12,shaheedhadi,2015-4-01,23:12:13,576480615295389696,@finlandiavodka http://t.co/ildmIOsitQ,0,0,https://twitter.com/mrenforcement12/status/583406541941903360,0.0,1.0,0.0,0.0
68,576480219671887873,finlandiavodka,Finlandia Vodka,2015-3-13,20:29:29,Brand Tweet,"The life less ordinary, it waits for you. Will you follow? 21+ http://t.co/7B3jFuse8d",16,29,https://twitter.com/finlandiavodka/status/576480219671887873,0.0,1.0,0.0,0.0,585635294495559680,intuition2real,Renee Cunningham,2015-4-08,02:48:29,576480219671887873,@finlandiavodka Please share. http://t.co/uT8Oxn3nXp Just a share can help a family in need.,1,1,https://twitter.com/intuition2real/status/585635294495559680,0.59,0.41,0.0,0.7351
69,576480219671887873,finlandiavodka,Finlandia Vodka,2015-3-13,20:29:29,Brand Tweet,"The life less ordinary, it waits for you. Will you follow? 21+ http://t.co/7B3jFuse8d",16,29,https://twitter.com/finlandiavodka/status/576480219671887873,0.0,1.0,0.0,0.0,584734864424964096,msjduchess,Jennifer Strickland,2015-4-05,15:10:30,576480219671887873,@finlandiavodka It's 5 o'clock somewhere. ..,0,0,https://twitter.com/msjduchess/status/584734864424964096,0.0,1.0,0.0,0.0
70,576480219671887873,finlandiavodka,Finlandia Vodka,2015-3-13,20:29:29,Brand Tweet,"The life less ordinary, it waits for you. Will you follow? 21+ http://t.co/7B3jFuse8d",16,29,https://twitter.com/finlandiavodka/status/576480219671887873,0.0,1.0,0.0,0.0,586011495290404864,barker_bitch,ashlee barker,2015-4-09,03:43:22,576480219671887873,@finlandiavodka 3/5/87,0,0,https://twitter.com/barker_bitch/status/586011495290404864,0.0,1.0,0.0,0.0
71,576480219671887873,finlandiavodka,Finlandia Vodka,2015-3-13,20:29:29,Brand Tweet,"The life less ordinary, it waits for you. Will you follow? 21+ http://t.co/7B3jFuse8d",16,29,https://twitter.com/finlandiavodka/status/576480219671887873,0.0,1.0,0.0,0.0,586206029924302848,ghenderson1013,Ginger Henderson,2015-4-09,16:36:23,576480219671887873,@finlandiavodka My B-day 10-10-80,0,0,https://twitter.com/ghenderson1013/status/586206029924302848,0.0,1.0,0.0,0.0
72,576480219671887873,finlandiavodka,Finlandia Vodka,2015-3-13,20:29:29,Brand Tweet,"The life less ordinary, it waits for you. Will you follow? 21+ http://t.co/7B3jFuse8d",16,29,https://twitter.com/finlandiavodka/status/576480219671887873,0.0,1.0,0.0,0.0,588444988876324864,razorkrab,josh,2015-4-15,20:53:12,576480219671887873,@finlandiavodka,0,0,https://twitter.com/razorkrab/status/588444988876324864,0.0,0.0,0.0,0.0
73,576480219671887873,finlandiavodka,Finlandia Vodka,2015-3-13,20:29:29,Brand Tweet,"The life less ordinary, it waits for you. Will you follow? 21+ http://t.co/7B3jFuse8d",16,29,https://twitter.com/finlandiavodka/status/576480219671887873,0.0,1.0,0.0,0.0,589830772758020096,toyiablack731,Toyia,2015-4-19,16:39:49,576480219671887873,@finlandiavodka  mimifiassco,0,0,https://twitter.com/toyiablack731/status/589830772758020096,0.0,1.0,0.0,0.0
74,576480219671887873,finlandiavodka,Finlandia Vodka,2015-3-13,20:29:29,Brand Tweet,"The life less ordinary, it waits for you. Will you follow? 21+ http://t.co/7B3jFuse8d",16,29,https://twitter.com/finlandiavodka/status/576480219671887873,0.0,1.0,0.0,0.0,591145089398870016,Chunka15,Chunka,2015-4-23,07:42:26,576480219671887873,@finlandiavodka date of birth 1-5-70,0,0,https://twitter.com/Chunka15/status/591145089398870016,0.0,1.0,0.0,0.0
75,576480219671887873,finlandiavodka,Finlandia Vodka,2015-3-13,20:29:29,Brand Tweet,"The life less ordinary, it waits for you. Will you follow? 21+ http://t.co/7B3jFuse8d",16,29,https://twitter.com/finlandiavodka/status/576480219671887873,0.0,1.0,0.0,0.0,591267310381367296,beara68,Natalie Cowen,2015-4-23,15:48:06,576480219671887873,@finlandiavodka  12-19-68,0,0,https://twitter.com/beara68/status/591267310381367296,0.0,1.0,0.0,0.0
76,576480111207133184,finlandiavodka,Finlandia Vodka,2015-3-13,20:29:03,Brand Tweet,Calling all adventurous spirits! Follow us into the night for the life less ordinary. 21+ http://t.co/YRVnQo6vSB,10,14,https://twitter.com/finlandiavodka/status/576480111207133184,0.2365,0.7635000000000001,0.0,0.20015,587786300784152576,DecadentQueer,DecadentQueer,2015-4-14,01:15:49,576480111207133184,"@finlandiavodka  my spirits been with you this whole time....and yours in return! Nighttime, daytime, anytime, especially #COCKTAILTIME",0,0,https://twitter.com/DecadentQueer/status/587786300784152576,0.0,1.0,0.0,0.0
77,576480111207133184,finlandiavodka,Finlandia Vodka,2015-3-13,20:29:03,Brand Tweet,Calling all adventurous spirits! Follow us into the night for the life less ordinary. 21+ http://t.co/YRVnQo6vSB,10,14,https://twitter.com/finlandiavodka/status/576480111207133184,0.2365,0.7635000000000001,0.0,0.20015,588540744081649664,kasandrairizar1,Ka-sandra Rivera,2015-4-16,03:13:42,576480111207133184,@finlandiavodka I    love    itttttttttt!!!!!!!!!!,0,0,https://twitter.com/kasandrairizar1/status/588540744081649664,0.4215,0.0785,0.0,0.3741
78,571739115974098944,finlandiavodka,Finlandia Vodka,2015-2-28,18:30:02,Brand Tweet,"when understated  won‚Äôt do

finlandia
cranberry
and ruby grapefruit http://t.co/DS7cGDXSQu",3,5,https://twitter.com/finlandiavodka/status/571739115974098944,0.0,1.0,0.0,0.0,571752877531791363,TilbergBenjamin,Ben Tilberg,2015-2-28,19:24:43,571739115974098944,@finlandiavodka win...win...win...Mini Sea Breeze #crantastic,0,0,https://twitter.com/TilbergBenjamin/status/571752877531791363,0.0,1.0,0.0,0.0
79,561597288414326784,finlandiavodka,Finlandia Vodka,2015-1-31,18:50:02,Brand Tweet,"set the stage
for magic http://t.co/zRHktbb9Ni",2,4,https://twitter.com/finlandiavodka/status/561597288414326784,0.0,1.0,0.0,0.0,562406800763654144,robertharris112,Robert Harris,2015-2-03,00:26:44,561597288414326784,@finlandiavodka,0,0,https://twitter.com/robertharris112/status/562406800763654144,0.0,0.0,0.0,0.0
80,559063107805257728,finlandiavodka,Finlandia Vodka,2015-1-24,19:00:06,Brand Tweet,a touch of chili makes for extraordinary http://t.co/zrARXbPnOn,1,6,https://twitter.com/finlandiavodka/status/559063107805257728,0.0,1.0,0.0,0.0,559073322634584064,CeciliaZertuche,Zer,2015-1-24,19:40:41,559063107805257728,@finlandiavodka How can i do it?,0,0,https://twitter.com/CeciliaZertuche/status/559073322634584064,0.0,1.0,0.0,0.0
81,559063107805257728,finlandiavodka,Finlandia Vodka,2015-1-24,19:00:06,Brand Tweet,a touch of chili makes for extraordinary http://t.co/zrARXbPnOn,1,6,https://twitter.com/finlandiavodka/status/559063107805257728,0.0,1.0,0.0,0.0,562810873472114688,PopHBC,BISSIS aka theH.B.C.,2015-2-04,03:12:23,559063107805257728,‚Äú@finlandiavodka: a touch of chili makes for extraordinary http://t.co/H2I6WMJq2Z‚Äù #want I know what cocktail I will drink this weekend! üòã,0,0,https://twitter.com/PopHBC/status/562810873472114688,0.0,1.0,0.0,0.0
82,556511353368616960,finlandiavodka,Finlandia Vodka,2015-1-17,18:00:20,Brand Tweet,"when the vodka leads
the fruit will follow
kippis! http://t.co/5WzobCYKlD",5,8,https://twitter.com/finlandiavodka/status/556511353368616960,0.0,1.0,0.0,0.0,556532812879511552,AnninaHaarala,AnninaHaarala,2015-1-17,19:25:37,556511353368616960,"‚Äú@finlandiavodka: when the vodka leads
the fruit will follow
kippis! http://t.co/gNIo9NiqF9‚Äù Kuvasta p√§√§tellen vitamiinirikasta juomaa.",0,0,https://twitter.com/AnninaHaarala/status/556532812879511552,0.0,1.0,0.0,0.0
83,555070676495638528,finlandiavodka,Finlandia Vodka,2015-1-13,18:35:36,Brand Tweet,Calling all adventurous spirits! Follow us into the night for the life less ordinary. 21+ Imp  BF  LouKY,0,0,https://twitter.com/finlandiavodka/status/555070676495638528,0.2365,0.7635000000000001,0.0,0.20015,556335151350022144,michaelbaunach,Michael Baunach,2015-1-17,06:20:10,555070676495638528,"@finlandiavodka: Follow @minsharamusic ""Into The Night"" http://t.co/AEBdKurcL1",1,0,https://twitter.com/michaelbaunach/status/556335151350022144,0.0,1.0,0.0,0.0
84,555069644910776321,finlandiavodka,Finlandia Vodka,2015-1-13,18:31:30,Brand Tweet,Calling all adventurous spirits!  Follow us into the night for the life less ordinary. 21+ Imp BF LouKY,0,0,https://twitter.com/finlandiavodka/status/555069644910776321,0.2365,0.7635000000000001,0.0,0.20015,555192542791086080,wsquared3d,Win White,2015-1-14,02:39:51,555069644910776321,@finlandiavodka I prefer @Sobieski_Vodka,0,1,https://twitter.com/wsquared3d/status/555192542791086080,0.0,1.0,0.0,0.0
85,550365802046570497,finlandiavodka,Finlandia Vodka,2014-12-31,19:00:07,Brand Tweet,"a year
for new discoveries
and a life less ordinary
kippis! http://t.co/5WHFKjJwhZ",5,1,https://twitter.com/finlandiavodka/status/550365802046570497,0.0,1.0,0.0,0.0,550660107928084481,krzyszto7wrobel,Krzysztof Wrobel,2015-1-01,14:29:35,550365802046570497,@finlandiavodka  HAPPY NEW YEAR 2015 ‚ùä‚ù§‚ùä‚ù§‚ùä‚ù§‚ùä . Good luck from Poland http://t.co/eGFCNPnQve,0,0,https://twitter.com/krzyszto7wrobel/status/550660107928084481,0.596,0.404,0.0,0.8842
86,546017942123450368,finlandiavodka,Finlandia Vodka,2014-12-19,19:03:16,Brand Tweet,"finlandia
here possibilities
feel limitless http://t.co/jd13vxfnN4",2,2,https://twitter.com/finlandiavodka/status/546017942123450368,0.0,1.0,0.0,0.0,546019733972463616,KimmoMatikainen,Kimmo Matikainen,2014-12-19,19:10:23,546017942123450368,@finlandiavodka @TimoMus Petterik√∂ se siin√§ ihmettelee kun pukki on l√§htenyt ryypiskelem√§√§n Finlandiaa?,0,0,https://twitter.com/KimmoMatikainen/status/546019733972463616,0.0,1.0,0.0,0.0
87,535832535524065280,finlandiavodka,Finlandia Vodka,2014-11-21,16:30:06,Brand Tweet,"take a breath
experience rich raspberry
and the delicate promise of chocolate http://t.co/Hk2N20bTs2",4,3,https://twitter.com/finlandiavodka/status/535832535524065280,0.441,0.559,0.0,0.7269,540577950098522112,GrSka001,skander gr,2014-12-04,18:46:41,535832535524065280,@finlandiavodka I love it,0,0,https://twitter.com/GrSka001/status/540577950098522112,0.808,0.192,0.0,0.6369
88,498155756307243008,finlandiavodka,Finlandia Vodka,2014-8-09,17:16:02,Brand Tweet,"this vodka calls for conversation
between low-hanging fruit and its own smooth aroma http://t.co/ODL4EZgekZ",0,2,https://twitter.com/finlandiavodka/status/498155756307243008,0.0,1.0,0.0,0.0,498165164748046336,steve5424,Stephen O'Donnell,2014-8-09,17:53:25,498155756307243008,@finlandiavodka now that looks tasty.,0,0,https://twitter.com/steve5424/status/498165164748046336,0.0,1.0,0.0,0.0
89,487288103048998912,finlandiavodka,Finlandia Vodka,2014-7-10,17:31:51,Brand Tweet,the vodka that was born under the watchful eye of the midnight sun. http://t.co/cs5Fqa2sZg,2,2,https://twitter.com/finlandiavodka/status/487288103048998912,0.0,1.0,0.0,0.0,487378852310941696,AndersonCurry,Anderson Curry,2014-7-10,23:32:28,487288103048998912,"At #smwmiami prequel with @hollybunn . Thanks to sponsors @keurig , @finlandiavodka , and @havensouthbeach http://t.co/prDDJLi1zA",0,2,https://twitter.com/AndersonCurry/status/487378852310941696,0.293,0.707,0.0,0.4404
90,482211230937927680,finlandiavodka,Finlandia Vodka,2014-6-26,17:18:11,Brand Tweet,the spirit humbly accepts the praise of its peers http://t.co/W9hcUD6DOL,3,3,https://twitter.com/finlandiavodka/status/482211230937927680,0.521,0.479,0.0,0.765,482225530373439488,mustava01,mustafa u√ßar üá¶üá∑,2014-6-26,18:15:00,482211230937927680,ƒ∞≈üte bu be! Welldone FV! See you after Ramadan ;)‚Äú@finlandiavodka: the spirit humbly accepts the praise of its peers http://t.co/phRH3bkRbx‚Äù,0,0,https://twitter.com/mustava01/status/482225530373439488,0.12933333333333333,0.8706666666666667,0.0,0.255
91,475337146207727616,finlandiavodka,Finlandia Vodka,2014-6-07,18:03:01,Brand Tweet,"may you feel the beat
of the season. http://t.co/qZZYK1FSIr",0,0,https://twitter.com/finlandiavodka/status/475337146207727616,0.0,1.0,0.0,0.0,475356310238539776,CaramelGurl2000,Dee,2014-6-07,19:19:10,475337146207727616,@finlandiavodka Damn......*speechless*,0,0,https://twitter.com/CaramelGurl2000/status/475356310238539776,0.0,1.0,0.0,0.0
92,474971486323634177,finlandiavodka,Finlandia Vodka,2014-6-06,17:50:01,Brand Tweet,The vodka is always ready for a new spin on an old tale http://t.co/V0O7qoF7Ml http://t.co/yQUGSPwCtJ,2,0,https://twitter.com/finlandiavodka/status/474971486323634177,0.161,0.839,0.0,0.3612,474978051852218369,CaramelGurl2000,Dee,2014-6-06,18:16:06,474971486323634177,"@finlandiavodka  Cukes, ginger ale &amp; vodka? Huh? I like cucumber. I like ginger ale. I like vodka. I'm gonna have to try this.",0,0,https://twitter.com/CaramelGurl2000/status/474978051852218369,0.18533333333333335,0.8146666666666667,0.0,0.2526333333333333
93,466606545547956224,finlandiavodka,Finlandia Vodka,2014-5-14,15:50:44,Brand Tweet,"Fortune rewards unique Preakness celebrations. Tell us yours.#finlandiacrush 
http://t.co/vcnhMWiF94 Drnk Rspnsbly. Imp by BF LouKyMsg421",0,4,https://twitter.com/finlandiavodka/status/466606545547956224,0.22,0.78,0.0,0.4767,467269895500357633,RoryMcTear,Rory McTear,2014-5-16,11:46:39,466606545547956224,"‚Äú@finlandiavodka: Fortune rewards unique Preakness celebrations. Tell us yours.#finlandiacrush"" @matt_ricci",0,0,https://twitter.com/RoryMcTear/status/467269895500357633,0.341,0.659,0.0,0.4767
94,457202960456769536,finlandiavodka,Finlandia Vodka,2014-4-18,17:04:14,Brand Tweet,"the night takes to sips, and to a little nibble. http://t.co/dRWc3MQxct",1,1,https://twitter.com/finlandiavodka/status/457202960456769536,0.0,1.0,0.0,0.0,463897306702434305,ColinIsAGoof,pc,2014-5-07,04:25:11,457202960456769536,"‚Äú@finlandiavodka: the night takes to sips, and to a little nibble. http://t.co/sHpmLBYCF1‚Äù @Mat_City  a nibble of a bean that is",0,3,https://twitter.com/ColinIsAGoof/status/463897306702434305,0.0,1.0,0.0,0.0
95,452120447471988736,finlandiavodka,Finlandia Vodka,2014-4-04,16:28:09,Brand Tweet,"the coconut
enjoys the fragrant air of 
spring.

find the coconut on http://t.co/OpzfFhl9Ue http://t.co/FsbOkkCsqg",2,4,https://twitter.com/finlandiavodka/status/452120447471988736,0.216,0.784,0.0,0.5106,452125558433148928,mustava01,mustafa u√ßar üá¶üá∑,2014-4-04,16:48:27,452120447471988736,"Oglum yapmayƒ±n b√∂yle ≈üeyler... :/ ‚Äú@finlandiavodka: the coconut
enjoys the fragrant air of 
spring. http://t.co/qUEDFljOib‚Äù",0,0,https://twitter.com/mustava01/status/452125558433148928,0.198,0.659,0.144,0.2263
96,452120447471988736,finlandiavodka,Finlandia Vodka,2014-4-04,16:28:09,Brand Tweet,"the coconut
enjoys the fragrant air of 
spring.

find the coconut on http://t.co/OpzfFhl9Ue http://t.co/FsbOkkCsqg",2,4,https://twitter.com/finlandiavodka/status/452120447471988736,0.216,0.784,0.0,0.5106,452170229221949440,mustava01,mustafa u√ßar üá¶üá∑,2014-4-04,19:45:58,452120447471988736,"@MOnurBicer @ACOMEK10 siparislerimiz olacak baskan, hazirlan :))",0,0,https://twitter.com/mustava01/status/452170229221949440,0.0,1.0,0.0,0.0
97,452120447471988736,finlandiavodka,Finlandia Vodka,2014-4-04,16:28:09,Brand Tweet,"the coconut
enjoys the fragrant air of 
spring.

find the coconut on http://t.co/OpzfFhl9Ue http://t.co/FsbOkkCsqg",2,4,https://twitter.com/finlandiavodka/status/452120447471988736,0.216,0.784,0.0,0.5106,455570267381968896,Crybaby_anera,Unsoberking,2014-4-14,04:56:30,452120447471988736,"‚Äú@finlandiavodka: the coconut
enjoys the fragrant air of 
spring.

find the coconut on http://t.co/oyVrASi9iV http://t.co/VFbUVCtzdo‚Äùheavenüòç",0,0,https://twitter.com/Crybaby_anera/status/455570267381968896,0.202,0.798,0.0,0.5106
98,449592386369638400,finlandiavodka,Finlandia Vodka,2014-3-28,17:02:32,Brand Tweet,to the wild breezes and the occasions they inspire!  kippis!,1,0,https://twitter.com/finlandiavodka/status/449592386369638400,0.1665,0.8335,0.0,0.3057,451177524757008384,Hispanicize,Hispanicize,2014-4-02,02:01:19,449592386369638400,Thank you to our friends @finlandiavodka and this years spirits partners @Brown-Forman for providing the cocktails this year! #Hispz2014,1,3,https://twitter.com/Hispanicize/status/451177524757008384,0.282,0.718,0.0,0.7088
99,445554258360795136,finlandiavodka,Finlandia Vodka,2014-3-17,13:36:28,Brand Tweet,"the raspberry wears a bit o green today.  
find the raspberry on
http://t.co/EnJMmUVszq http://t.co/ViYK9iM7FG",4,4,https://twitter.com/finlandiavodka/status/445554258360795136,0.0,1.0,0.0,0.0,445554577199624193,GraffitiBar,Graffiti Bar,2014-3-17,13:37:43,445554258360795136,@finlandiavodka droooooooooooooooool... want to try!!,0,0,https://twitter.com/GraffitiBar/status/445554577199624193,0.2215,0.2785,0.0,0.07555
100,443136400255242240,finlandiavodka,Finlandia Vodka,2014-3-10,21:28:45,Brand Tweet,"are you feeling the presence of the spirit in the
air? http://t.co/jwO7O3ddlv",1,2,https://twitter.com/finlandiavodka/status/443136400255242240,0.131,0.869,0.0,0.148,443138425655283712,SimplyLucie,Lucie King,2014-3-10,21:36:48,443136400255242240,@finlandiavodka grapefruit ~ yum ~,0,0,https://twitter.com/SimplyLucie/status/443138425655283712,0.0,1.0,0.0,0.0
101,432953598465409024,finlandiavodka,Finlandia Vodka,2014-2-10,19:05:56,Brand Tweet,"a bold companion to the  
night ahead.
red drop.
http://t.co/oJ41V4AIeQ http://t.co/5vrddKN5sq",4,1,https://twitter.com/finlandiavodka/status/432953598465409024,0.271,0.729,0.0,0.3818,432967186580115456,CaramelGurl2000,Dee,2014-2-10,19:59:56,432953598465409024,@finlandiavodka   I'd love to have this after studying for #midterms,0,0,https://twitter.com/CaramelGurl2000/status/432967186580115456,0.375,0.625,0.0,0.6369
102,431155267544170497,finlandiavodka,Finlandia Vodka,2014-2-05,20:00:00,Brand Tweet,adventure calls. will you answer?,1,1,https://twitter.com/finlandiavodka/status/431155267544170497,0.434,0.566,0.0,0.3182,431155718683512832,CaramelGurl2000,Dee,2014-2-05,20:01:48,431155267544170497,@finlandiavodka Adventure is my middle name. You called?,0,0,https://twitter.com/CaramelGurl2000/status/431155718683512832,0.315,0.685,0.0,0.3182
103,428635369244876800,finlandiavodka,Finlandia Vodka,2014-1-29,21:06:50,Brand Tweet,"the vortex cannot penetrate the spirit that
never freezes.

the anti-vortex: http://t.co/7bP65s3Zjg http://t.co/GBjlJEOPNm",3,6,https://twitter.com/finlandiavodka/status/428635369244876800,0.0,0.879,0.121,-0.1326,428637409933537282,BodyfuelCV1,The Bhambra Family,2014-1-29,21:14:56,428635369244876800,"@finlandiavodka Available now at @BodyfuelCV1, Coventry City Centre! #SupportYourLocalBusiness",0,0,https://twitter.com/BodyfuelCV1/status/428637409933537282,0.0,1.0,0.0,0.0
104,426775929386332161,finlandiavodka,Finlandia Vodka,2014-1-24,17:58:05,Brand Tweet,"will the winds carry your favor 
tonight? http://t.co/ne9e22CJYS",1,1,https://twitter.com/finlandiavodka/status/426775929386332161,0.155,0.845,0.0,0.20095,427390271593381889,Prefab_Trout,Craig C,2014-1-26,10:39:15,426775929386332161,@finlandiavodka I hate you.,0,0,https://twitter.com/Prefab_Trout/status/427390271593381889,0.0,0.0,1.0,-0.5719
105,423576051621453824,finlandiavodka,Finlandia Vodka,2014-1-15,22:02:55,Brand Tweet,"master mixologist
pekka pellinen
aligns the elements of his craft. http://t.co/G3xcm1pSrv",7,2,https://twitter.com/finlandiavodka/status/423576051621453824,0.0,1.0,0.0,0.0,423577200164884480,paulhlynch,Paul Lynch,2014-1-15,22:07:28,423576051621453824,"‚Äú@finlandiavodka: master mixologist
pekka pellinen
aligns the elements of his craft. http://t.co/MBU7VVrcmz‚Äù I need these flavours Now!",0,0,https://twitter.com/paulhlynch/status/423577200164884480,0.0,1.0,0.0,0.0
106,423576051621453824,finlandiavodka,Finlandia Vodka,2014-1-15,22:02:55,Brand Tweet,"master mixologist
pekka pellinen
aligns the elements of his craft. http://t.co/G3xcm1pSrv",7,2,https://twitter.com/finlandiavodka/status/423576051621453824,0.0,1.0,0.0,0.0,423628521949241344,CaramelGurl2000,Dee,2014-1-16,01:31:24,423576051621453824,"@finlandiavodka  Good man, Mr Pellinen! I'll have one of each with a little ice. :-D",0,0,https://twitter.com/CaramelGurl2000/status/423628521949241344,0.432,0.5680000000000001,0.0,0.53505
107,415552236593229824,finlandiavodka,Finlandia Vodka,2013-12-24,18:39:08,Brand Tweet,"the skies may be cold,
but the chocolate and 
the vodka
know how to keep warm. http://t.co/E9QOaT06Mc",2,3,https://twitter.com/finlandiavodka/status/415552236593229824,0.0,1.0,0.0,0.0,415552716086054912,jdrch,"Test, Trace, Isolate üò∑",2013-12-24,18:41:02,415552236593229824,@finlandiavodka Hey @CaileyCail 3 of these before dinner #challenge,0,0,https://twitter.com/jdrch/status/415552716086054912,0.0,1.0,0.0,0.0
108,413749342470938625,finlandiavodka,Finlandia Vodka,2013-12-19,19:15:04,Brand Tweet,"the science of refinement.
a specialty of
master taster markku. http://t.co/4eEX2Jj4j8",2,1,https://twitter.com/finlandiavodka/status/413749342470938625,0.0,1.0,0.0,0.0,413751938434334720,CaramelGurl2000,Dee,2013-12-19,19:25:23,413749342470938625,"@finlandiavodka  To master taster markku: I want your job. :-D Keep it coming, dude!  He got susi to the MAX!",0,0,https://twitter.com/CaramelGurl2000/status/413751938434334720,0.1925,0.8075,0.0,0.34165
109,410136470801088512,finlandiavodka,Finlandia Vodka,2013-12-09,19:58:49,Brand Tweet,"the vodka and the ripe gem. 
ready to play. http://t.co/AW6kzMdrGw",7,3,https://twitter.com/finlandiavodka/status/410136470801088512,0.263,0.737,0.0,0.3612,410148071990124547,mustava01,mustafa u√ßar üá¶üá∑,2013-12-09,20:44:55,410136470801088512,"√úst√ºme oynuyor zalƒ±mlar! :/ ‚Äú@finlandiavodka: the vodka and the ripe gem. 
ready to play. http://t.co/3NquG1STGQ‚Äù",0,1,https://twitter.com/mustava01/status/410148071990124547,0.097,0.81,0.093,0.0129
110,404380505107206144,finlandiavodka,Finlandia Vodka,2013-11-23,22:46:40,Brand Tweet,"Pekka Pellinen - Finlandia Global Mixologist

practicer of the craft.
master of the mix. http://t.co/q4FgjrlGd6",1,2,https://twitter.com/finlandiavodka/status/404380505107206144,0.0,1.0,0.0,0.0,404381143832997888,SupDogsECU,Sup Dogs,2013-11-23,22:49:12,404380505107206144,@finlandiavodka guarantee we sell more Finlandia Grapefruit Vodka than anyone in the state of North Carolina!,0,0,https://twitter.com/SupDogsECU/status/404381143832997888,0.141,0.859,0.0,0.3164
111,401822849733640192,finlandiavodka,Finlandia Vodka,2013-11-16,21:23:27,Brand Tweet,"who has embraced the new
and experienced the reindeer thrill? http://t.co/P7YAXW2Znz",4,1,https://twitter.com/finlandiavodka/status/401822849733640192,0.1085,0.8915,0.0,0.1806,402122967909277696,krzyszto7wrobel,Krzysztof Wrobel,2013-11-17,17:16:01,401822849733640192,@finlandiavodka Do reindeer Santa Claus likes vodka? :) . Good luck from Poland,0,0,https://twitter.com/krzyszto7wrobel/status/402122967909277696,0.588,0.41200000000000003,0.0,0.6287499999999999
112,398183095418900480,finlandiavodka,Finlandia Vodka,2013-11-06,20:20:22,Brand Tweet,"a drink to purity.

kippis from master taster markku. http://t.co/8PwYFTvTx5",2,1,https://twitter.com/finlandiavodka/status/398183095418900480,0.0,1.0,0.0,0.0,400093178574798848,ALMPLS,Al üá®üá∫üá∫üá∏üè≥Ô∏è‚Äçüåà #VetsResistSquadron,2013-11-12,02:50:21,398183095418900480,@finlandiavodka kippis,0,0,https://twitter.com/ALMPLS/status/400093178574798848,0.0,1.0,0.0,0.0
113,396344632633614336,finlandiavodka,Finlandia Vodka,2013-11-01,18:34:58,Brand Tweet,tonight. enjoy the perfectly chilled spirit. http://t.co/mtkAbb3dKD,2,1,https://twitter.com/finlandiavodka/status/396344632633614336,0.712,0.288,0.0,0.8126,396398844784558080,ForestCityDist,FC Fine Food Dist.,2013-11-01,22:10:23,396344632633614336,Add some @DRYSoda Cucumber....Perfect!  ‚Äú@finlandiavodka: tonight. enjoy the perfectly chilled spirit. http://t.co/x7pKZS4joG‚Äù,0,2,https://twitter.com/ForestCityDist/status/396398844784558080,0.3245,0.6755,0.0,0.4063
114,394161648203620352,finlandiavodka,Finlandia Vodka,2013-10-26,18:00:34,Brand Tweet,"some limits are meant to be broken
others have their meaning.

drink responsibly.",1,2,https://twitter.com/finlandiavodka/status/394161648203620352,0.0,0.763,0.237,-0.4767,401868494155034625,mikemoss001,Michael Nicholas,2013-11-17,00:24:50,394161648203620352,"‚Äú@finlandiavodka: some limits are meant to be broken
others have their meaning.

drink responsibly.‚Äù",0,1,https://twitter.com/mikemoss001/status/401868494155034625,0.0,0.78,0.22,-0.4767
115,383662477113716736,finlandiavodka,Finlandia Vodka,2013-9-27,18:40:37,Brand Tweet,"the vodka
and the night
ready to glow http://t.co/YG4X2Om5mz",1,2,https://twitter.com/finlandiavodka/status/383662477113716736,0.238,0.762,0.0,0.3612,394216937414078464,krzyszto7wrobel,Krzysztof Wrobel,2013-10-26,21:40:16,383662477113716736,@finlandiavodka Creative ! Good luck from Poland,0,0,https://twitter.com/krzyszto7wrobel/status/394216937414078464,0.8734999999999999,0.1265,0.0,0.6011
116,356896837497659393,finlandiavodka,Finlandia Vodka,2013-7-15,22:03:31,Brand Tweet,We‚Äôre toasting from coast to coast. Embrace the unexpected. #ExperienceMango. http://t.co/jiCOiyJuqk Drnk Rspnsbly. Imp by BF LouKy.,1,0,https://twitter.com/finlandiavodka/status/356896837497659393,0.173,0.827,0.0,0.3182,372456597559476224,CongoBarOficial,#ILoveCongoBar,2013-8-27,20:32:27,356896837497659393,¬øCon qu√© combinar√≠as un @finlandiavodka? #EsPregunta #Vodka,0,0,https://twitter.com/CongoBarOficial/status/372456597559476224,0.0,1.0,0.0,0.0
117,355839203013165057,finlandiavodka,Finlandia Vodka,2013-7-13,00:00:51,Brand Tweet,Mix things up tonight. Try a Mango Crush tonight. #ExperienceMango Drnk Rspnsbly. Imp by BF LouKy.,0,0,https://twitter.com/finlandiavodka/status/355839203013165057,0.0,0.849,0.151,-0.1531,358348837091418113,TomatoArtFest,Tomato Art Fest,2013-7-19,22:13:15,355839203013165057,Happy Friday! ‚Äú@finlandiavodka: Mix things up tonight. Try a Mango Crush tonight. #ExperienceMango Drnk Rspnsbly. Imp by BF LouKy.‚Äù,1,0,https://twitter.com/TomatoArtFest/status/358348837091418113,0.4,0.531,0.069,0.22915000000000002
118,298482146971090944,finlandiavodka,Finlandia Vodka,2013-2-04,17:24:24,Brand Tweet,"If you missed the Quick Mix challenge at the Vodka Cup, you can witness the action &amp; energy here: http://t.co/sHgYhG7J http://t.co/TP9Aa4In",0,2,https://twitter.com/finlandiavodka/status/298482146971090944,0.144,0.763,0.093,0.0516,344564797934796801,SupDogsECU,Sup Dogs,2013-6-11,21:20:24,298482146971090944,"@finlandiavodka Can you DM us, have a question about selling/distributing your liquor? Thanks!",0,0,https://twitter.com/SupDogsECU/status/344564797934796801,0.5,0.5,0.0,0.2463
119,288294282866094080,finlandiavodka,Finlandia Vodka,2013-1-07,14:41:28,Brand Tweet,Poland. Thailand. Venezuela. The United States. Who are you rooting for in this year‚Äôs Vodka Cup? http://t.co/KpMmanA6 http://t.co/I9a7a3vI,0,0,https://twitter.com/finlandiavodka/status/288294282866094080,0.1015,0.8985000000000001,0.0,0.21075,288302443006156801,Conejabo,Conejabo,2013-1-07,15:13:53,288294282866094080,@finlandiavodka El Salvador!,0,0,https://twitter.com/Conejabo/status/288302443006156801,0.0,1.0,0.0,0.0
120,282847780685373440,finlandiavodka,Finlandia Vodka,2012-12-23,13:59:00,Brand Tweet,"Passionfruit. Finlandia Classic. Tell us your delicious drink recipe. Go.

http://t.co/DnxNlcPJ",0,0,https://twitter.com/finlandiavodka/status/282847780685373440,0.381,0.619,0.0,0.5719,282852170339061761,GraffitiBar,Graffiti Bar,2012-12-23,14:16:27,282847780685373440,@finlandiavodka jut lots of lovely finlandia with fresh limes and sugar. Simple is better.,0,0,https://twitter.com/GraffitiBar/status/282852170339061761,0.404,0.596,0.0,0.7269
121,282666846304481280,finlandiavodka,Finlandia Vodka,2012-12-23,02:00:02,Brand Tweet,"Enjoy a Finnish favorite for the Holidays: Joulutoti (Christmas Punch)!

(LINK TO FB POST) http://t.co/ChGwajGM",0,0,https://twitter.com/finlandiavodka/status/282666846304481280,0.301,0.6990000000000001,0.0,0.42195,282777752824868865,quartz174,Ivan üá≠üá∞,2012-12-23,09:20:44,282666846304481280,@finlandiavodka Is there anywhere I can get the recipe for this? I can't find it in @Google,0,0,https://twitter.com/quartz174/status/282777752824868865,0.0,1.0,0.0,0.0
122,281760130620600320,finlandiavodka,Finlandia Vodka,2012-12-20,13:57:05,Brand Tweet,Pekka‚Äôs tip: Some drinks are better with crushed ice. No ice crusher? Then just wrap the ice in a towel and crush it. http://t.co/a5oEOTic,1,0,https://twitter.com/finlandiavodka/status/281760130620600320,0.091,0.6759999999999999,0.23249999999999998,-0.21315,281761004906479617,MartinaSus,Martha Alvarez Sus,2012-12-20,14:00:33,281760130620600320,@finlandiavodka seria un excelente regalo de navidad jejejejeje,0,0,https://twitter.com/MartinaSus/status/281761004906479617,0.0,1.0,0.0,0.0
123,278854215865073664,finlandiavodka,Finlandia Vodka,2012-12-12,13:30:00,Brand Tweet,"What are your favorite holiday flavors?

http://t.co/DnxNlcPJ",0,0,https://twitter.com/finlandiavodka/status/278854215865073664,0.294,0.706,0.0,0.3454,278859081119318016,SantaKarl,Karl Hofmann,2012-12-12,13:49:20,278854215865073664,@finlandiavodka Finlandia citrus with fresh orange juice and a splash of Sprite.,0,0,https://twitter.com/SantaKarl/status/278859081119318016,0.223,0.777,0.0,0.3182
124,278183143708692480,finlandiavodka,Finlandia Vodka,2012-12-10,17:03:24,Brand Tweet,"Passion syrup. Finlandia Lime. Check out more unbelievable flavor combinations in The Art of Flavor section!

http://t.co/mGjS5l1t",0,0,https://twitter.com/finlandiavodka/status/278183143708692480,0.155,0.845,0.0,0.32905,278344767836938240,ohmyrodh,rod hoffmann,2012-12-11,03:45:39,278183143708692480,@finlandiavodka aca esta la prueba de mi cambio..... http://t.co/MtnkUBva,0,0,https://twitter.com/ohmyrodh/status/278344767836938240,0.0,1.0,0.0,0.0
125,277137567395241984,finlandiavodka,Finlandia Vodka,2012-12-07,19:48:40,Brand Tweet,"Learn how to mix like a pro with our Global Mixologist and 2001 Vodka Cup champ, Pekka Pellinen.

http://t.co/mGjS5l1t http://t.co/W1fOjvEl",1,0,https://twitter.com/finlandiavodka/status/277137567395241984,0.259,0.741,0.0,0.6808,278341946110537728,ohmyrodh,rod hoffmann,2012-12-11,03:34:25,277137567395241984,Acabo de dejar para siempre Absolut... Definitivamente @finlandiavodka es 100% superior....,0,0,https://twitter.com/ohmyrodh/status/278341946110537728,0.0,1.0,0.0,0.0
