,id_str,screen_name,user_name,date,time,in_reply_to_status_id_str,text,retweet_count,favorite_count,url,senti_score_pos,senti_score_neu,senti_score_neg,senti_score_com
0,1221110683636584449,Peat_and_Sherry,Mr. Julian,2020-1-25,16:40:48,1221085371985014789,@glenglassaugh I often keep a bottle of this around. Good whisky!,0,0,https://twitter.com/Peat_and_Sherry/status/1221110683636584449,0.379,0.621,0.0,0.5672
1,1209370145560375298,Ralf26408435,Ralf,2019-12-24,07:08:06,1209156855366328321,@glenglassaugh My favourite Glenglassaugh. ü§§,0,1,https://twitter.com/Ralf26408435/status/1209370145560375298,0.0,1.0,0.0,0.0
2,1189501021640417281,JonathanWhisky,Jonathan Miles,2019-10-30,11:15:18,1189217877792038912,@glenglassaugh @TheLadyBlender The older Glenglassaugh versions have been outstanding!,0,2,https://twitter.com/JonathanWhisky/status/1189501021640417281,0.417,0.583,0.0,0.6476
3,1016411544551387138,JonathanWhisky,Jonathan Miles,2018-7-09,19:59:30,1016381512999161857,@glenglassaugh Congratulations Rachel. Well deserved!,0,3,https://twitter.com/JonathanWhisky/status/1016411544551387138,0.863,0.137,0.0,0.7424
4,1016793466490277888,raredrams,Rare Drams,2018-7-10,21:17:08,1016381512999161857,@glenglassaugh Congratulations....Doctor of Drams !,0,2,https://twitter.com/raredrams/status/1016793466490277888,0.0,1.0,0.0,0.0
5,1016690046991257601,TheLadyBlender,Dr. Rachel Barrie Hon. DSc.,2018-7-10,14:26:11,1016381500374253568,@glenglassaugh Thank you! It is a great privilege to work with @glenglassaugh,0,2,https://twitter.com/TheLadyBlender/status/1016690046991257601,0.6525,0.34750000000000003,0.0,0.59245
6,1012247110476075009,FrozenAssets,Catherine Chetwynd,2018-6-28,08:11:32,1008310812547715072,"@glenglassaugh Wonderful pictures, whisky and sea air - compelling!",0,0,https://twitter.com/FrozenAssets/status/1012247110476075009,0.541,0.459,0.0,0.7088
7,997832108965056512,MTR_conal,‚ìÇÔ∏èountain Top Reviews,2018-5-19,13:31:28,997831759160111104,@glenglassaugh Outside!; Like this: https://t.co/IdwnNwcFBl,0,1,https://twitter.com/MTR_conal/status/997832108965056512,0.278,0.722,0.0,0.1806
8,981957097561710594,whiskyzen,passionwhisky,2018-4-05,18:09:50,981909368722649088,"@glenglassaugh Among the very good whiskies, Glenglassaugh has it‚Äôs place for sure. Revival is wonderful...
Congrat‚Ä¶ https://t.co/e2sT1dRfr5",0,2,https://twitter.com/whiskyzen/status/981957097561710594,0.197,0.803,0.0,0.4927
9,976490108143783938,Spiritus_Online,ùêíùê©ùê¢ùê´ùê¢ùê≠ùêÆùê¨.,2018-3-21,16:05:58,976488624983363584,@glenglassaugh @WhiskyLive Got yourselves a deal - see you there! ü•É,0,1,https://twitter.com/Spiritus_Online/status/976490108143783938,0.0,1.0,0.0,0.0
10,976539776663871488,IanJamboReign,Ian Cook,2018-3-21,19:23:20,976488624983363584,@glenglassaugh @WhiskyLive Will do. See you on Friday!,0,1,https://twitter.com/IanJamboReign/status/976539776663871488,0.0,1.0,0.0,0.0
11,977081733895065601,whiskyforme,ian kendal,2018-3-23,07:16:53,976488624983363584,@glenglassaugh @WhiskyLive Looking forward to asking how my cask is...,0,1,https://twitter.com/whiskyforme/status/977081733895065601,0.0,1.0,0.0,0.0
12,976758214552367104,JasonVaswani,JasonWhiskyWise,2018-3-22,09:51:20,976488624983363584,@glenglassaugh @WhiskyLive Will see you tomorrow üëåüèº,0,0,https://twitter.com/JasonVaswani/status/976758214552367104,0.0,1.0,0.0,0.0
13,943387877781790720,DaveMcKinnon__,Dave (13013) McKinnon,2017-12-20,07:49:32,943194242054283264,@glenglassaugh @iheartwhisky smart looking set of bottles,0,1,https://twitter.com/DaveMcKinnon__/status/943387877781790720,0.403,0.597,0.0,0.4019
14,927651259678539776,ModScotch,Modern Scotch,2017-11-06,21:37:49,927581374495842307,"@glenglassaugh Peated Port? That's new. 

Nice lineup. Will need to find a supply in the US.",0,1,https://twitter.com/ModScotch/status/927651259678539776,0.1295,0.8705,0.0,0.21075
15,927850812415578117,MiniMalts,Mini Malts,2017-11-07,10:50:46,927581374495842307,"@glenglassaugh Hi there, are these available in miniature?",0,1,https://twitter.com/MiniMalts/status/927850812415578117,0.0,1.0,0.0,0.0
16,915971213524004865,WhiskyWhistle,Whisky Whistle,2017-10-05,16:05:29,915969872579956737,@glenglassaugh @iheartwhisky A familiar figure..I‚Äôm looking forward to trying another #Glenglassaugh before long.,0,2,https://twitter.com/WhiskyWhistle/status/915971213524004865,0.0,1.0,0.0,0.0
17,914271815823900673,danielkallan,Dan Allan,2017-9-30,23:32:41,914189366448283650,@glenglassaugh Been up there and the view is spectacular!,0,1,https://twitter.com/danielkallan/status/914271815823900673,0.0,1.0,0.0,0.0
18,911297219764113408,ocdwhisky,Sorren,2017-9-22,18:32:42,911275164427591681,@glenglassaugh Darn @glenglassaugh you certainly know how to tease ....,0,2,https://twitter.com/ocdwhisky/status/911297219764113408,0.247,0.515,0.237,0.0258
19,911346027772256256,WhiskyCritter,Kent Crittenden,2017-9-22,21:46:39,911275164427591681,"@glenglassaugh Wow. Its distillation year was certainly a very special occasion, and tasting it sure as heck would be too!!",0,2,https://twitter.com/WhiskyCritter/status/911346027772256256,0.1815,0.3185,0.0,0.39485
20,906128253907345408,GKaleniecki,"George ""elPolako"" 007.5",2017-9-08,12:13:05,905824244331937796,@glenglassaugh beautiful indeed üòòComing to Canada by any chance?,0,1,https://twitter.com/GKaleniecki/status/906128253907345408,0.496,0.504,0.0,0.7096
21,899668086298750977,ocdwhisky,Sorren,2017-8-21,16:22:41,899665158238339073,"@glenglassaugh Congrats.. Another one to add to the ""wish list"" üòû",0,2,https://twitter.com/ocdwhisky/status/899668086298750977,0.252,0.748,0.0,0.4019
22,899669359639101440,ocdwhisky,Sorren,2017-8-21,16:27:45,899665158238339073,@Mikeroft_Holmes @glenglassaugh Lucky him.. ¬£1200 is above my budget unfortunately,0,0,https://twitter.com/ocdwhisky/status/899669359639101440,0.275,0.49,0.235,0.1027
23,893139738521210880,iheartwhisky,smileysmoggy :),2017-8-03,16:01:22,893139455976058890,@glenglassaugh Congratulations! ü•É,0,1,https://twitter.com/iheartwhisky/status/893139738521210880,0.5,0.5,0.0,0.318
24,891095359623122944,danielkallan,Dan Allan,2017-7-29,00:37:44,890997803652132869,"@glenglassaugh Hmmm...Our Companions of the Quaich, Calgary Chapter, are proud owners of 2 octaves resting comfortably in your warehouse!",0,1,https://twitter.com/danielkallan/status/891095359623122944,0.307,0.693,0.0,0.7345
25,891097185638432768,Allthingswhisky,Curt Robinson,2017-7-29,00:44:59,890997803652132869,@glenglassaugh Very nice aesthetics. Beautiful. Look forward to trying.,0,1,https://twitter.com/Allthingswhisky/status/891097185638432768,0.436,0.564,0.0,0.4754
26,890868181497253888,JonathanWhisky,Jonathan Miles,2017-7-28,09:35:00,890617823776591872,@glenglassaugh Congratulations to all.,0,1,https://twitter.com/JonathanWhisky/status/890868181497253888,0.796,0.204,0.0,0.5994
27,835620841316474880,EdmScotchClub,Edmonton Scotch Club,2017-2-25,22:41:48,835607847203385345,"@glenglassaugh @yycvinoman Torfa made our ""Best Whiskies $80 Can Buy"" list...twice! https://t.co/MHONiSdGWs",0,3,https://twitter.com/EdmScotchClub/status/835620841316474880,0.1955,0.8045,0.0,0.3348
28,835626398383542278,scotchology1,ü•ÉScotchology,2017-2-25,23:03:53,835620841316474880,@ScotchClubYEG @glenglassaugh @yycvinoman We enjoyed it too! https://t.co/TQ3AZcQsIz,0,2,https://twitter.com/scotchology1/status/835626398383542278,0.2725,0.7275,0.0,0.2781
29,824393499114143744,WhiskyEuropa,Whisky Europa ü•É,2017-1-25,23:08:21,824251791357411328,@glenglassaugh I realy enjoyed the 1973 #glenglassaugh from whisky Co. Oloroso finished... thank you for that experience ü•É,0,1,https://twitter.com/WhiskyEuropa/status/824393499114143744,0.345,0.655,0.0,0.7003
30,820303725486960641,Drinkscribbler,Adam HW.,2017-1-14,16:17:03,820299445954813952,@glenglassaugh the contents. Hurts my throat when I try to drink boxes!,0,4,https://twitter.com/Drinkscribbler/status/820303725486960641,0.0,0.702,0.298,-0.5255
31,820303141199458305,whoamidoyouknow,Dave,2017-1-14,16:14:44,820299445954813952,@glenglassaugh A lottery win?,0,2,https://twitter.com/whoamidoyouknow/status/820303141199458305,0.792,0.208,0.0,0.5859
32,820340056573419520,WhiskyScores,Emmett Hossack,2017-1-14,18:41:25,820299445954813952,"@glenglassaugh Winning the lottery? (Oh dear, I don't buy lottery tickets.)",0,2,https://twitter.com/WhiskyScores/status/820340056573419520,0.512,0.488,0.0,0.45424999999999993
33,822045229763141633,JasonVaswani,JasonWhiskyWise,2017-1-19,11:37:10,820299445954813952,"@glenglassaugh An absolute stunner, probably my curiosity üôà",0,1,https://twitter.com/JasonVaswani/status/822045229763141633,0.0,1.0,0.0,0.0
34,817428902788419585,gimodefaveri,Gimo De Faveri,2017-1-06,17:53:32,817426760543432704,@glenglassaugh love it ‚ù§,0,0,https://twitter.com/gimodefaveri/status/817428902788419585,0.677,0.323,0.0,0.6369
35,817432007047315456,gbma25,George Baillie,2017-1-06,18:05:52,817426760543432704,@glenglassaugh please don't stop! Exciting whisky,0,0,https://twitter.com/gbma25/status/817432007047315456,0.79,0.21,0.0,0.5166
36,815272293882589184,PuffinWhisky,Daniel,2016-12-31,19:03:56,815203544047517696,"@glenglassaugh Yes of course, just opened my Glenglassaugh 30 years old! A special dram for a special day! https://t.co/wegR9hj69Z",2,2,https://twitter.com/PuffinWhisky/status/815272293882589184,0.30133333333333334,0.6986666666666667,0.0,0.3824666666666667
37,815206153244311554,gimodefaveri,Gimo De Faveri,2016-12-31,14:41:07,815203544047517696,@glenglassaugh hope to receive it next Christmas üòÜ,0,0,https://twitter.com/gimodefaveri/status/815206153244311554,0.326,0.674,0.0,0.4404
38,811225122833108992,glenglassaugh,Glenglassaugh,2016-12-20,15:01:55,809801595357642753,@TheRickDuff Happy Hunting!,0,0,https://twitter.com/glenglassaugh/status/811225122833108992,0.8,0.2,0.0,0.6114
39,809810674734039040,gimodefaveri,Gimo De Faveri,2016-12-16,17:21:25,809801595357642753,@glenglassaugh Classic for me üòâ,0,1,https://twitter.com/gimodefaveri/status/809810674734039040,0.0,1.0,0.0,0.0
40,804993612136202240,gimodefaveri,Gimo De Faveri,2016-12-03,10:20:07,804989848037761024,@glenglassaugh love it! Miss it!,0,0,https://twitter.com/gimodefaveri/status/804993612136202240,0.409,0.264,0.327,0.2226
41,800320345202946049,RodMorrison7,Rod Morrison,2016-11-20,12:50:14,799649689507397632,@glenglassaugh great dram,0,0,https://twitter.com/RodMorrison7/status/800320345202946049,0.804,0.196,0.0,0.6249
42,789861465566113792,LaCaveDeCobalt,Franck Debernardi,2016-10-22,16:10:22,789845084950978560,@glenglassaugh Is this the ancient malting building ?,0,0,https://twitter.com/LaCaveDeCobalt/status/789861465566113792,0.0,1.0,0.0,0.0
43,789903361302814720,ocdwhisky,Sorren,2016-10-22,18:56:51,789845084950978560,@glenglassaugh I think I need to check for myself üëç,0,0,https://twitter.com/ocdwhisky/status/789903361302814720,0.0,1.0,0.0,0.0
44,789925677411729408,ashloveswhisky,Ashley Penney,2016-10-22,20:25:32,789845084950978560,@glenglassaugh love the torfa,0,0,https://twitter.com/ashloveswhisky/status/789925677411729408,0.677,0.323,0.0,0.6369
45,787327226098360320,gimodefaveri,Gimo De Faveri,2016-10-15,16:20:13,787317142995738626,@glenglassaugh love it!!! Miss you!,0,0,https://twitter.com/gimodefaveri/status/787327226098360320,0.4175,0.2555,0.327,0.25025
46,787560835686232065,JvGaalen,Jeronimoss,2016-10-16,07:48:30,787317142995738626,@glenglassaugh fantastic location!,0,0,https://twitter.com/JvGaalen/status/787560835686232065,0.796,0.204,0.0,0.5983
47,771762845012860932,whiskygirl6,whiskygirl6,2016-9-02,17:32:55,771747376453279744,@glenglassaugh All 3 !!!!! #whisky #singlemalt #visitscotland #lovewhatmatters,0,4,https://twitter.com/whiskygirl6/status/771762845012860932,0.0,0.5,0.0,0.0
48,771748714494824448,WhiskyWhistle,Whisky Whistle,2016-9-02,16:36:46,771747376453279744,@glenglassaugh love Revival so if I had my druthers it'd  be Torfa!!,0,1,https://twitter.com/WhiskyWhistle/status/771748714494824448,0.1665,0.3335,0.0,0.3348
49,771773469189083137,doughirst,Doug,2016-9-02,18:15:08,771747376453279744,@glenglassaugh not tried any yet? Any chance of a sample or two?,0,1,https://twitter.com/doughirst/status/771773469189083137,0.143,0.857,0.0,0.125
50,771818164271276032,gimodefaveri,Gimo De Faveri,2016-9-02,21:12:44,771747376453279744,@glenglassaugh Evolution!!!!,0,1,https://twitter.com/gimodefaveri/status/771818164271276032,0.0,0.5,0.0,0.0
51,771941605611868160,zuckrock,Chris WWG1WGA ‚≠êÔ∏è‚≠êÔ∏è‚≠êÔ∏è,2016-9-03,05:23:15,771747376453279744,@glenglassaugh I need a better liquor store!!!,0,1,https://twitter.com/zuckrock/status/771941605611868160,0.2685,0.2315,0.0,0.26995
52,772050803678973952,mattwhalley,Matt Whalley,2016-9-03,12:37:10,771747376453279744,@glenglassaugh I've got a bottle of Revival. I think that one !!,0,1,https://twitter.com/mattwhalley/status/772050803678973952,0.0,0.5,0.0,0.0
53,772075290986184704,MaltofIndia,Malt Whisky of India,2016-9-03,14:14:28,771747376453279744,@glenglassaugh Evolution for Sure!!,0,1,https://twitter.com/MaltofIndia/status/772075290986184704,0.282,0.218,0.0,0.1901
54,774001571277500417,Tokyo2Cask,Little Cask Guy,2016-9-08,21:48:49,771747376453279744,@glenglassaugh All of them! They're my pals from this warehouse.,0,1,https://twitter.com/Tokyo2Cask/status/774001571277500417,0.0,1.0,0.0,0.0
55,771724915506573312,EdmScotchClub,Edmonton Scotch Club,2016-9-02,15:02:12,771724391902248961,@glenglassaugh Any chance you'll be releasing some older Torfa in the future? Loved many aspects of that whisky!,0,1,https://twitter.com/EdmScotchClub/status/771724915506573312,0.3115,0.6885,0.0,0.443
56,772716245888172032,glenglassaugh,Glenglassaugh,2016-9-05,08:41:24,771724915506573312,"@ScotchClubYEG glad you've been enjoying it, no news right now but keep your eyes peeled!",0,1,https://twitter.com/glenglassaugh/status/772716245888172032,0.263,0.644,0.094,0.4389
57,771765888504791040,whiskygirl6,whiskygirl6,2016-9-02,17:45:01,771724391902248961,"@glenglassaugh Love them all.Wonderful coastal charm,delightfully floral and complex drams despite young age #whisky https://t.co/m0vq3tZgwi",0,1,https://twitter.com/whiskygirl6/status/771765888504791040,0.276,0.724,0.0,0.6369
58,772714661426950144,glenglassaugh,Glenglassaugh,2016-9-05,08:35:06,771765888504791040,"@whiskygirl6 great stuff, glad to hear it!",0,0,https://twitter.com/glenglassaugh/status/772714661426950144,0.649,0.351,0.0,0.8122
59,771724867116929024,gimodefaveri,Gimo De Faveri,2016-9-02,15:02:00,771724391902248961,@glenglassaugh link looks not available,0,0,https://twitter.com/gimodefaveri/status/771724867116929024,0.0,1.0,0.0,0.0
60,766707488876032002,gbma25,George Baillie,2016-8-19,18:44:44,765580146564820996,@glenglassaugh  amazing. I just bottled my own octave from glenglassaugh....top drawer,0,1,https://twitter.com/gbma25/status/766707488876032002,0.0,1.0,0.0,0.0
61,755164719984640000,markjanesphotog,Mark Janes LRPS,2016-7-18,22:17:54,753612650853044224,"@glenglassaugh thanks for your comment on my picture, and for re-tweeting.",0,1,https://twitter.com/markjanesphotog/status/755164719984640000,0.244,0.756,0.0,0.4404
62,756536817604784129,glenglassaugh,Glenglassaugh,2016-7-22,17:10:07,755164719984640000,@markjanesphotog you‚Äôre welcome!,0,0,https://twitter.com/glenglassaugh/status/756536817604784129,0.767,0.233,0.0,0.5093
63,740286566409592832,gimodefaveri,Gimo De Faveri,2016-6-07,20:57:25,740210734580281348,@glenglassaugh when will it be available at whisky shops?,0,0,https://twitter.com/gimodefaveri/status/740286566409592832,0.0,1.0,0.0,0.0
64,735903912935448576,gimodefaveri,Gimo De Faveri,2016-5-26,18:42:19,735902841429229568,@glenglassaugh wow I missed it during my visit,0,0,https://twitter.com/gimodefaveri/status/735903912935448576,0.38,0.4,0.22,0.3818
65,737544530866507778,glenglassaugh,Glenglassaugh,2016-5-31,07:21:33,735903912935448576,@gimodefaveri A good excuse to come back again,0,0,https://twitter.com/glenglassaugh/status/737544530866507778,0.512,0.488,0.0,0.4939
66,697704662623981568,gimodefaveri,Gimo De Faveri,2016-2-11,08:52:08,697702453307961344,@glenglassaugh any plan for tastings in Italy?,0,0,https://twitter.com/gimodefaveri/status/697704662623981568,0.0,1.0,0.0,0.0
67,692690658935595009,WhiskyPics,Hans Brandstaetter,2016-1-28,12:48:17,692686536136065025,My dream job... @glenglassaugh,0,1,https://twitter.com/WhiskyPics/status/692690658935595009,0.667,0.333,0.0,0.25
68,692693186389614594,BvGeezers,BV Malt Geezers,2016-1-28,12:58:19,692690658935595009,@WhiskyPics @glenglassaugh Didn't you mean your 'dram' job?!,0,1,https://twitter.com/BvGeezers/status/692693186389614594,0.0,0.5,0.0,0.0
69,669969801658441730,CarstenFFM,Carsten,2015-11-26,20:03:42,669869527254097920,@glenglassaugh CU in Frankfurt (Sunday),0,0,https://twitter.com/CarstenFFM/status/669969801658441730,0.0,1.0,0.0,0.0
70,666657782012239877,gordonsmith63,gordon smith,2015-11-17,16:42:55,666653853887123457,@glenglassaugh @HiConsumption have to agree with this really love the 30 year old compared to the 35 year old which I found to sweet .,0,1,https://twitter.com/gordonsmith63/status/666657782012239877,0.357,0.643,0.0,0.8748
71,636826984509755392,LaCaveDeCobalt,Franck Debernardi,2015-8-27,09:05:59,636802429263200256,@glenglassaugh Impressive ! I loved the way nature took over the old guest house though. What about the old malting building ?,0,0,https://twitter.com/LaCaveDeCobalt/status/636826984509755392,0.603,0.397,0.0,0.5778000000000001
72,624245800902729728,rodjmorrison,Rod Morrison,2015-7-23,15:52:51,624203511073480705,@glenglassaugh fantastic news Alisdair hopefully see you at hampden on Nov 14th,0,1,https://twitter.com/rodjmorrison/status/624245800902729728,0.412,0.588,0.0,0.743
73,624516463622287360,rodjmorrison,Rod Morrison,2015-7-24,09:48:22,624245800902729728,@glenglassaugh would like a wee chat as well if possible if your there on the 14th,0,0,https://twitter.com/rodjmorrison/status/624516463622287360,0.277,0.723,0.0,0.5574
74,599780764289372161,WhiskyCritter,Kent Crittenden,2015-5-17,03:37:32,599679611245502464,"@glenglassaugh Indeed, celebrating the day the best way I know how - @Glendronach - keeping it in the family. http://t.co/EIFIVWmDP5",0,2,https://twitter.com/WhiskyCritter/status/599780764289372161,0.397,0.603,0.0,0.836
75,578920298084335616,EdmScotchClub,Edmonton Scotch Club,2015-3-20,14:05:29,578917415460999168,@glenglassaugh Congratulations! I just bought my first bottle of Glenglassaugh (The Torfa) last week and it was fantastic!,0,0,https://twitter.com/EdmScotchClub/status/578920298084335616,0.609,0.391,0.0,0.6171500000000001
76,578922269768073216,glenglassaugh,Glenglassaugh,2015-3-20,14:13:19,578920298084335616,@ScotchClubYEG Thank you! glad you enjoyed the Torfa and hope it means you'll be buying more:),0,1,https://twitter.com/glenglassaugh/status/578922269768073216,0.6074999999999999,0.3925,0.0,0.634
77,578927027115270144,Whiskey__Whisky,Sam S.,2015-3-20,14:32:13,578917415460999168,@glenglassaugh so happy for you guys. Keep up the great work!,0,1,https://twitter.com/Whiskey__Whisky/status/578927027115270144,0.545,0.455,0.0,0.855
78,578966659463028736,monnikdranken,De Monnik Dranken,2015-3-20,17:09:42,578917415460999168,"Zeg dat wel #trots‚Äú@glenglassaugh: Global 'Whisky Distiller of the Year' 2015 - what an achievement!
http://t.co/YE2e7ukSzB #WWA15‚Äù",0,1,https://twitter.com/monnikdranken/status/578966659463028736,0.0,1.0,0.0,0.0
79,578661647096627200,WhiskyOss,Whisky Oss,2015-3-19,20:57:42,578658364768559105,@glenglassaugh congratulations! http://t.co/elKir0pome,1,2,https://twitter.com/WhiskyOss/status/578661647096627200,0.5,0.5,0.0,0.318
80,578908235358466048,glenglassaugh,Glenglassaugh,2015-3-20,13:17:33,578661647096627200,@WhiskyOss Thank you!,0,1,https://twitter.com/glenglassaugh/status/578908235358466048,0.736,0.264,0.0,0.4199
81,568751162129838080,JvGaalen,Jeronimoss,2015-2-20,12:36:58,568743407012716544,"‚Äú@glenglassaugh: Such a beautiful location at Glenglassaugh Distillery, overlooking the white sandy beach of Sandend Bay.."" Absolutely!",0,0,https://twitter.com/JvGaalen/status/568751162129838080,0.23,0.77,0.0,0.636
82,540546622900699136,LaCaveDeCobalt,Franck Debernardi,2014-12-04,16:42:12,540536607670280192,@glenglassaugh At last ! I've been told (2 years ago) this would be released‚Ä¶ Congrats on this one !,0,0,https://twitter.com/LaCaveDeCobalt/status/540546622900699136,0.1105,0.8895,0.0,0.28535
83,518346160197894144,LaCaveDeCobalt,Franck Debernardi,2014-10-04,10:25:29,518345883365421056,@glenglassaugh Can't wait to meet you on monday !,0,0,https://twitter.com/LaCaveDeCobalt/status/518346160197894144,0.0,1.0,0.0,0.0
84,471931601803161600,MiniMalts,Mini Malts,2014-5-29,08:30:36,471931089867399168,"@glenglassaugh - Hi there, what minis do you have at the gift shop?",0,0,https://twitter.com/MiniMalts/status/471931601803161600,0.225,0.775,0.0,0.4404
85,453945144547737600,LaCaveDeCobalt,Franck Debernardi,2014-4-09,17:18:51,453921692213972992,@glenglassaugh Come to Paris and I will join for sure ;-),0,0,https://twitter.com/LaCaveDeCobalt/status/453945144547737600,0.52,0.48,0.0,0.6705
86,452080791192109056,MiniMalts,Mini Malts,2014-4-04,13:50:34,452001001378033665,@glenglassaugh - Any of them coming on miniature also?,0,0,https://twitter.com/MiniMalts/status/452080791192109056,0.0,1.0,0.0,0.0
87,448453292495241216,MiniMalts,Mini Malts,2014-3-25,13:36:11,448436507074760704,"@glenglassaugh - Hi there, will that be available as a miniature?",0,0,https://twitter.com/MiniMalts/status/448453292495241216,0.0,1.0,0.0,0.0
88,448457687232421889,glenglassaugh,Glenglassaugh,2014-3-25,13:53:39,448453292495241216,@MiniMalts Yes but no idea when. Sometime soon...,0,1,https://twitter.com/glenglassaugh/status/448457687232421889,0.242,0.392,0.366,-0.2382
89,373126554760773633,monnikdranken,De Monnik Dranken,2013-8-29,16:54:37,373008919318130689,"‚Äú@glenglassaugh: Officially released our newest expression, a 30YO, today! http://t.co/XutmJrNcBU‚Äù #whisky",1,0,https://twitter.com/monnikdranken/status/373126554760773633,0.0,1.0,0.0,0.0
90,337548119703187456,glenglassaugh,Glenglassaugh,2013-5-23,12:38:37,337547964958515200,Makes a change from the stunning weather we've been having recently (shown in my profile pic) !,0,0,https://twitter.com/glenglassaugh/status/337548119703187456,0.171,0.829,0.0,0.4389
91,337560196891156481,LaCaveDeCobalt,Franck Debernardi,2013-5-23,13:26:37,337547964958515200,@glenglassaugh Where are the surfers ?,0,0,https://twitter.com/LaCaveDeCobalt/status/337560196891156481,0.0,1.0,0.0,0.0
92,337568513134837761,glenglassaugh,Glenglassaugh,2013-5-23,13:59:39,337560196891156481,@LaCaveDeCobalt Probably half way to Sweden by now :-),0,1,https://twitter.com/glenglassaugh/status/337568513134837761,0.247,0.753,0.0,0.3182
93,334963430702342146,glenglassaugh,Glenglassaugh,2013-5-16,09:27:59,334653072083148801,I guess not! I'm off to Yalta to source Massandra casks. It's meant to be quite beautiful down in Sth Ukraine #whiskyfun,1,0,https://twitter.com/glenglassaugh/status/334963430702342146,0.104,0.896,0.0,0.31805
94,334980146304016384,LaCaveDeCobalt,Franck Debernardi,2013-5-16,10:34:25,334963430702342146,"@glenglassaugh Massandra Connection part 2, on its way I presume‚Ä¶",0,0,https://twitter.com/LaCaveDeCobalt/status/334980146304016384,0.0,1.0,0.0,0.0
95,334980945637695488,glenglassaugh,Glenglassaugh,2013-5-16,10:37:35,334980146304016384,@lacavedecobalt The results have been superb so yes we are looking to continue in future. We've still got in-cask stocks for the next year.,0,0,https://twitter.com/glenglassaugh/status/334980945637695488,0.285,0.715,0.0,0.822
96,334981428158816256,glenglassaugh,Glenglassaugh,2013-5-16,10:39:30,334653072083148801,@ardbeggadon98 I am very excited. It's not often I get to see the sun as whisky salesmen usually follow the cold around the world :(,0,0,https://twitter.com/glenglassaugh/status/334981428158816256,0.0,0.873,0.127,-0.4404
97,335046947067006980,glenglassaugh,Glenglassaugh,2013-5-16,14:59:51,334653072083148801,"@ardbeggadon98 Aye, 10+ distilleries in Tassie. I know them well. V nice. The 'new' Aussie gold ;)",0,0,https://twitter.com/glenglassaugh/status/335046947067006980,0.16,0.84,0.0,0.2263
98,335353519324405761,glenglassaugh,Glenglassaugh,2013-5-17,11:18:04,334653072083148801,"@ardbeggadon98 With respect, it's much like Scotland: small population, cold weather &amp; lots o crystal clear water (ie rain) for distillation",0,0,https://twitter.com/glenglassaugh/status/335353519324405761,0.339,0.661,0.0,0.802
99,334255515796381696,yoavgel,Yoav Gelbfish,2013-5-14,10:34:59,334254379739799554,@glenglassaugh Lovely pics! when were they taken?,0,0,https://twitter.com/yoavgel/status/334255515796381696,0.402,0.598,0.0,0.31195
100,334258759385894912,glenglassaugh,Glenglassaugh,2013-5-14,10:47:53,334255515796381696,"@yoavgel Answer: No idea! Production stopped in 1907 for a long time &amp; smoke is seen in the photos, so I guess just prior to 1907.",0,0,https://twitter.com/glenglassaugh/status/334258759385894912,0.0,0.675,0.325,-0.2929
101,334259134889345026,yoavgel,Yoav Gelbfish,2013-5-14,10:49:22,334258759385894912,@glenglassaugh Real ancient history. Amazing those pics survived. Were they found in the distillery or in the village?,0,0,https://twitter.com/yoavgel/status/334259134889345026,0.213,0.787,0.0,0.5859
102,334261063811997697,glenglassaugh,Glenglassaugh,2013-5-14,10:57:02,334259134889345026,"@yoavgel Passed down from owner to owner, I believe. When we bought Glendronach Chivas/PR provided a box of photos. V nice tradition.",0,0,https://twitter.com/glenglassaugh/status/334261063811997697,0.167,0.833,0.0,0.4215
103,334262307427319810,yoavgel,Yoav Gelbfish,2013-5-14,11:01:59,334261063811997697,"@glenglassaugh just wow. really. I should visit there during my October trip, but oh so many... Glendronach is already in the plan",0,0,https://twitter.com/yoavgel/status/334262307427319810,0.0,1.0,0.0,0.0
104,333908168885284864,TheWhiskyBoys,WhiskyBoys.com,2013-5-13,11:34:45,333899216587997185,@glenglassaugh count me in... ;-),0,0,https://twitter.com/TheWhiskyBoys/status/333908168885284864,0.5,0.5,0.0,0.25
105,333908369893126144,ifotou,Tom Thomson,2013-5-13,11:35:33,333908168885284864,"@TheWhiskyBoys @glenglassaugh i'm going too Nicola, we can share a dram on the train north :)",0,2,https://twitter.com/ifotou/status/333908369893126144,0.321,0.679,0.0,0.6369
106,333919702600536066,LaCaveDeCobalt,Franck Debernardi,2013-5-13,12:20:35,333899216587997185,@glenglassaugh Any plans for the release of this 50yo cask Stuart talked to me about ?,0,0,https://twitter.com/LaCaveDeCobalt/status/333919702600536066,0.0,1.0,0.0,0.0
107,333928485703782400,glenglassaugh,Glenglassaugh,2013-5-13,12:55:29,333919702600536066,"@lacavedecobalt Yes, the first 50yo cask will be bottled this year. There's a few of them on site. V exciting times.",0,1,https://twitter.com/glenglassaugh/status/333928485703782400,0.312,0.688,0.0,0.7096
108,333903858633936896,galgwhisky,Whiskyman Gal,2013-5-13,11:17:38,333899216587997185,@glenglassaugh always happy to help mate. when? where? ;),0,0,https://twitter.com/galgwhisky/status/333903858633936896,0.5603333333333333,0.43966666666666665,0.0,0.3256333333333334
109,333904755258707969,glenglassaugh,Glenglassaugh,2013-5-13,11:21:11,333903858633936896,@galg Come along anytime. I usually just leave the warehouse keys under the doormat so help yourself. Don't tell anyone now ;-),0,1,https://twitter.com/glenglassaugh/status/333904755258707969,0.253,0.692,0.055,0.6476
110,333906303258877952,ifotou,Tom Thomson,2013-5-13,11:27:21,333899216587997185,@glenglassaugh i'm only a couple hours away so i can help :),0,0,https://twitter.com/ifotou/status/333906303258877952,0.471,0.529,0.0,0.7385
111,333906411434172416,glenglassaugh,Glenglassaugh,2013-5-13,11:27:46,333906303258877952,"@ifotou It's a tough job. No really, it is!",0,0,https://twitter.com/glenglassaugh/status/333906411434172416,0.0,0.501,0.499,-0.4574
112,333906562613669888,Whiskylassie,Whiskylassie,2013-5-13,11:28:22,333899216587997185,"@glenglassaugh booked flight to Scotland, should be there in 6 hours ready to work!!  ;)",0,0,https://twitter.com/Whiskylassie/status/333906562613669888,0.6095,0.3905,0.0,0.35005
113,333907693083451394,twattercraig,Craig Mc,2013-5-13,11:32:52,333899216587997185,@glenglassaugh don't work too hard  :)     I'm guessing a couple of those are mine - take your time on those.,0,0,https://twitter.com/twattercraig/status/333907693083451394,0.235,0.765,0.0,0.51
114,333939750534803456,WeeRockWhisky,Wee Rock Whisky Club,2013-5-13,13:40:15,333899216587997185,"@glenglassaugh I will gladly help, as long as I can do it from my couch.",0,0,https://twitter.com/WeeRockWhisky/status/333939750534803456,0.362,0.638,0.0,0.6249
115,333895324923985920,glenglassaugh,Glenglassaugh,2013-5-13,10:43:43,333892841900220416,@zachfx The warehouses themselves were probably not original but they are super old. Huge wooden roof trusses with tons of slate above.,0,0,https://twitter.com/glenglassaugh/status/333895324923985920,0.322,0.621,0.057,0.8325
116,334239453138788353,glenglassaugh,Glenglassaugh,2013-5-14,09:31:10,333895324923985920,"@ZacHFX Actually, I've researched more overnight &amp; those warehouses are indeed originals from 1875. I'll show you the old photo later!",0,0,https://twitter.com/glenglassaugh/status/334239453138788353,0.0,1.0,0.0,0.0
117,333565484274442240,glenglassaugh,Glenglassaugh,2013-5-12,12:53:03,333492369360056322,@DramStats Ha ha that's hilarious. Good one. U hope you DM'ed then and asked their age ?? @OliverKlimek,0,0,https://twitter.com/glenglassaugh/status/333565484274442240,0.285,0.215,0.0,0.43125
118,333477095764271104,OliverKlimek,Oliver Klimek,2013-5-12,07:01:49,333475370332475393,@glenglassaugh Glad to hear that parts of the industry are equally fed up with this rubbish.,0,1,https://twitter.com/OliverKlimek/status/333477095764271104,0.188,0.812,0.0,0.4588
119,333243639901868033,SMWSambassador,john mccheyne,2013-5-11,15:34:09,333226994177306626,@glenglassaugh Thanks for follow.   Still got wee bottles of 26 and 37 to enjoy. Good luck with the project. Watching with excited interest,0,0,https://twitter.com/SMWSambassador/status/333243639901868033,0.504,0.496,0.0,0.9217
120,333288781220302849,glenglassaugh,Glenglassaugh,2013-5-11,18:33:32,333243639901868033,@SMWSambassador Do let us know what you think of them? We'd love to hear: good or bad ... but obviously mostly good ;),0,0,https://twitter.com/glenglassaugh/status/333288781220302849,0.2685,0.675,0.0565,0.4088
121,333234727966355456,KennethRosal,Ken Rosal,2013-5-11,14:58:45,333226994177306626,@glenglassaugh #Slainte :-),0,0,https://twitter.com/KennethRosal/status/333234727966355456,1.0,0.0,0.0,0.3182
122,333320898213969920,TheWhiskyOracle,TheWhiskyOracle,2013-5-11,20:41:09,333219765646655488,@glenglassaugh #Evolution rather than #Revolution? I understand the the re packaging is too bring more consistency in packaging for products,0,0,https://twitter.com/TheWhiskyOracle/status/333320898213969920,0.0,1.0,0.0,0.0
123,333336869146345472,glenglassaugh,Glenglassaugh,2013-5-11,21:44:37,333320898213969920,@TheWhiskyOracle And I know many staff @LaphroaigWhisky so no issues but my point is that it is a slight tweak rather than a 'brand revamp',0,1,https://twitter.com/glenglassaugh/status/333336869146345472,0.0,0.908,0.092,-0.2342
124,334986600339619840,Laphroaig,Laphroaig Whisky,2013-5-16,11:00:03,333336869146345472,@glenglassaugh I don't think we'd get away with revamping the whole brand! It was indeed to make our selection a smarter portfolio.,0,0,https://twitter.com/Laphroaig/status/334986600339619840,0.15,0.85,0.0,0.2294
125,335046237587906560,glenglassaugh,Glenglassaugh,2013-5-16,14:57:02,334986600339619840,"@laphroaigwhisky When it ain't broke, don't fix it. Laphroaig is a globally recognised and loved brand.",0,0,https://twitter.com/glenglassaugh/status/335046237587906560,0.384,0.616,0.0,0.7377
126,335046667508260865,galgwhisky,Whiskyman Gal,2013-5-16,14:58:45,335046237587906560,"@glenglassaugh @laphroaigwhisky indeed. keep it simple, ppl like and recognize it from afar, knowing what to expect. peat, peat and peat!",0,0,https://twitter.com/galgwhisky/status/335046667508260865,0.149,0.851,0.0,0.4199
127,335047749793886208,yoavgel,Yoav Gelbfish,2013-5-16,15:03:03,335046667508260865,@galg @glenglassaugh @laphroaigwhisky although I'd to see limited edition unpeated :-),0,0,https://twitter.com/yoavgel/status/335047749793886208,0.225,0.588,0.186,0.1027
128,335049385824116736,glenglassaugh,Glenglassaugh,2013-5-16,15:09:33,335047749793886208,"@yoavgel God no, pls don't even suggest it. There's too much jiggery-pokery in the industry already!!",0,0,https://twitter.com/glenglassaugh/status/335049385824116736,0.1095,0.3255,0.065,0.063
129,335051074652217344,yoavgel,Yoav Gelbfish,2013-5-16,15:16:15,335049385824116736,"@glenglassaugh :-) just wishful thinking, wondering how is the spirit without peat impact. I'm quite satisfied with current lineup :-)",0,0,https://twitter.com/yoavgel/status/335051074652217344,0.402,0.598,0.0,0.8122
130,335052719679238146,glenglassaugh,Glenglassaugh,2013-5-16,15:22:48,335051074652217344,"@yoavgel Hold your nose while your drinking it adn you'll get a pretty good idea! (okay, I'm joking!)",0,1,https://twitter.com/glenglassaugh/status/335052719679238146,0.184,0.8160000000000001,0.0,0.375
131,335053371281121282,yoavgel,Yoav Gelbfish,2013-5-16,15:25:23,335052719679238146,@glenglassaugh LOL,0,0,https://twitter.com/yoavgel/status/335053371281121282,1.0,0.0,0.0,0.4215
132,333321667000537089,TheWhiskyOracle,TheWhiskyOracle,2013-5-11,20:44:12,333219765646655488,@glenglassaugh Re @LaphroaigWhisky packaging. @Bruichladdich do a lovely job of packaging recent expressions with consistent house style,0,0,https://twitter.com/TheWhiskyOracle/status/333321667000537089,0.257,0.743,0.0,0.5859
133,333340917446606851,glenglassaugh,Glenglassaugh,2013-5-11,22:00:42,333321667000537089,@TheWhiskyOracle And I'm sure we all agree that @Bruichladdich will focus their branding/design for big launch into the Asian market,0,0,https://twitter.com/glenglassaugh/status/333340917446606851,0.231,0.769,0.0,0.5859
134,333315258833850368,TheWhiskyWire,Steve Rush ü•É,2013-5-11,20:18:45,333217643962175488,"@glenglassaugh Hi Don, hope all is well? Look forward to hearing about all the new developments at GG.",0,0,https://twitter.com/TheWhiskyWire/status/333315258833850368,0.278,0.722,0.0,0.3062
135,333566007971028993,glenglassaugh,Glenglassaugh,2013-5-12,12:55:08,333315258833850368,@TheWhiskyWire There's tons going on. Its more a matter of time to write them down!   I guess 40 workers on 8 projects last week only! !,0,0,https://twitter.com/glenglassaugh/status/333566007971028993,0.044333333333333336,0.6223333333333333,0.0,0.05806666666666666
136,333225078730932224,Tokyo2Cask,Little Cask Guy,2013-5-11,14:20:24,333217643962175488,"@glenglassaugh Donald, welcome to Twitter. Stop by warehouse4 some day, me an' the hogsheads will put the kettle on, open the Jaffa cakes!",0,0,https://twitter.com/Tokyo2Cask/status/333225078730932224,0.134,0.776,0.09,0.2714
137,315218705619505153,AWG_whisky,AWG whisky,2013-3-22,21:49:30,315196775264837633,"@glenglassaugh All the best to all of you, but without those Dutch investors 4,5 years ago Glenglassaugh probably was still mothballed...",0,0,https://twitter.com/AWG_whisky/status/315218705619505153,0.126,0.874,0.0,0.3818
138,311531384344834048,wanderingpict,Wandering Pict,2013-3-12,17:37:24,311525326167617537,"@glenglassaugh Wow - now only another too many years to wait to try this, damn",0,0,https://twitter.com/wanderingpict/status/311531384344834048,0.212,0.614,0.174,0.1717
139,311534389567819779,glenglassaugh,Glenglassaugh,2013-3-12,17:49:21,311531384344834048,@wanderingpict but just think how good it could be. Maybe another IWSC trophy winner.,0,0,https://twitter.com/glenglassaugh/status/311534389567819779,0.278,0.722,0.0,0.5927
140,305295672637272064,wanderingpict,Wandering Pict,2013-2-23,12:38:55,305295257543774208,@glenglassaugh hope that you have a successful day.,0,0,https://twitter.com/wanderingpict/status/305295672637272064,0.691,0.309,0.0,0.7717
141,266653463516164096,JshPhotog,J. Sutton-Hibbert,2012-11-08,21:28:34,266638493109870592,@gmcnevin Soon it'll be the taste of yours! @glenglassaugh #Glenglassaugh Massandra Sherry style finish- video tasting http://t.co/Yzh7wn75,1,0,https://twitter.com/JshPhotog/status/266653463516164096,0.0,1.0,0.0,0.0
142,228439326114082817,scotchblog,ScotchBlog,2012-7-26,10:39:14,228431138388070400,@glenglassaugh &amp; a very worthy achievement too! Wonderful whiskies abound at 1 of the best kept secrets in the whisky world.,0,0,https://twitter.com/scotchblog/status/228439326114082817,0.4535,0.5465,0.0,0.688
143,224035561235689472,galgwhisky,Whiskyman Gal,2012-7-14,07:00:14,224028748599656448,@glenglassaugh surely the 26.,0,0,https://twitter.com/galgwhisky/status/224035561235689472,0.744,0.256,0.0,0.4404
144,224089412210925568,WhiskyScores,Emmett Hossack,2012-7-14,10:34:13,224028748599656448,"@glenglassaugh Tasted both May 3rd at Masterclass. 26 yo was GREAT-sherry, fruit, delicate,complex; Revival = great promise - light, citrusy",0,0,https://twitter.com/WhiskyScores/status/224089412210925568,0.314,0.686,0.0,0.7506
145,223385547756945408,TheDrinksCoach,TheDrinksCoach,2012-7-12,11:57:19,223384932293156864,@glenglassaugh thanks! we are very excited about the first issue! :),0,0,https://twitter.com/TheDrinksCoach/status/223385547756945408,0.7663333333333333,0.23366666666666666,0.0,0.4691666666666667
146,224882230810513409,WhiskybarPlaza,Whiskybar Plaza,2012-7-16,15:04:36,222940949549031426,@glenglassaugh see website http://t.co/TLCOvPUT. Kompas Texel Nethrlands,0,0,https://twitter.com/WhiskybarPlaza/status/224882230810513409,0.0,1.0,0.0,0.0
